<?xml version="1.0" encoding="UTF-8"?>
<GenRun Id="synth_1" LaunchPart="xc7a35tcpg236-1" LaunchTime="1669901760">
  <File Type="PA-TCL" Name="CPU.tcl"/>
  <File Type="REPORTS-TCL" Name="CPU_reports.tcl"/>
  <File Type="RDS-RDS" Name="CPU.vds"/>
  <File Type="RDS-UTIL" Name="CPU_utilization_synth.rpt"/>
  <File Type="RDS-UTIL-PB" Name="CPU_utilization_synth.pb"/>
  <File Type="RDS-DCP" Name="CPU.dcp"/>
  <FileSet Name="sources" Type="DesignSrcs" RelSrcDir="$PSRCDIR/sources_1">
    <Filter Type="Srcs"/>
    <File Path="$PSRCDIR/sources_1/new/ALU.v">
      <FileInfo>
        <Attr Name="ImportPath" Val="$PPRDIR/../experiment_single_CPU/experiment_single_CPU.srcs/sources_1/new/ALU.v"/>
        <Attr Name="ImportTime" Val="1668325530"/>
        <Attr Name="UsedIn" Val="synthesis"/>
        <Attr Name="UsedIn" Val="implementation"/>
        <Attr Name="UsedIn" Val="simulation"/>
      </FileInfo>
    </File>
    <File Path="$PSRCDIR/sources_1/new/ALU_Control.v">
      <FileInfo>
        <Attr Name="ImportPath" Val="$PPRDIR/../experiment_single_CPU/experiment_single_CPU.srcs/sources_1/new/ALU_Control.v"/>
        <Attr Name="ImportTime" Val="1668324874"/>
        <Attr Name="UsedIn" Val="synthesis"/>
        <Attr Name="UsedIn" Val="implementation"/>
        <Attr Name="UsedIn" Val="simulation"/>
      </FileInfo>
    </File>
    <File Path="$PSRCDIR/sources_1/new/Add.v">
      <FileInfo>
        <Attr Name="ImportPath" Val="$PPRDIR/../experiment_single_CPU/experiment_single_CPU.srcs/sources_1/new/Add.v"/>
        <Attr Name="ImportTime" Val="1668251806"/>
        <Attr Name="UsedIn" Val="synthesis"/>
        <Attr Name="UsedIn" Val="implementation"/>
        <Attr Name="UsedIn" Val="simulation"/>
      </FileInfo>
    </File>
    <File Path="$PSRCDIR/sources_1/new/Control.v">
      <FileInfo>
        <Attr Name="ImportPath" Val="$PPRDIR/../experiment_single_CPU/experiment_single_CPU.srcs/sources_1/new/Control.v"/>
        <Attr Name="ImportTime" Val="1668324587"/>
        <Attr Name="UsedIn" Val="synthesis"/>
        <Attr Name="UsedIn" Val="implementation"/>
        <Attr Name="UsedIn" Val="simulation"/>
      </FileInfo>
    </File>
    <File Path="$PSRCDIR/sources_1/new/DataMem.v">
      <FileInfo>
        <Attr Name="ImportPath" Val="$PPRDIR/../experiment_single_CPU/experiment_single_CPU.srcs/sources_1/new/DataMem.v"/>
        <Attr Name="ImportTime" Val="1668327825"/>
        <Attr Name="UsedIn" Val="synthesis"/>
        <Attr Name="UsedIn" Val="implementation"/>
        <Attr Name="UsedIn" Val="simulation"/>
      </FileInfo>
    </File>
    <File Path="$PSRCDIR/sources_1/new/EXMEM.v">
      <FileInfo>
        <Attr Name="ImportPath" Val="$PPRDIR/../experiment_multi_CPU/experiment_multi_CPU.srcs/sources_1/new/EXMEM.v"/>
        <Attr Name="ImportTime" Val="1669361019"/>
        <Attr Name="UsedIn" Val="synthesis"/>
        <Attr Name="UsedIn" Val="implementation"/>
        <Attr Name="UsedIn" Val="simulation"/>
      </FileInfo>
    </File>
    <File Path="$PSRCDIR/sources_1/new/Forward_Unit.v">
      <FileInfo>
        <Attr Name="ImportPath" Val="$PPRDIR/../experiment_multi_CPU2/experiment_multi_CPU2.srcs/sources_1/new/Forward_Unit.v"/>
        <Attr Name="ImportTime" Val="1669475013"/>
        <Attr Name="UsedIn" Val="synthesis"/>
        <Attr Name="UsedIn" Val="implementation"/>
        <Attr Name="UsedIn" Val="simulation"/>
      </FileInfo>
    </File>
    <File Path="$PSRCDIR/sources_1/new/Forward_Unit2.v">
      <FileInfo>
        <Attr Name="ImportPath" Val="$PPRDIR/../experiment_multi_CPU2/experiment_multi_CPU2.srcs/sources_1/new/Forward_Unit2.v"/>
        <Attr Name="ImportTime" Val="1669454624"/>
        <Attr Name="UsedIn" Val="synthesis"/>
        <Attr Name="UsedIn" Val="implementation"/>
        <Attr Name="UsedIn" Val="simulation"/>
      </FileInfo>
    </File>
    <File Path="$PSRCDIR/sources_1/new/Hazard_Detection_Unit.v">
      <FileInfo>
        <Attr Name="ImportPath" Val="$PPRDIR/../experiment_multi_CPU2/experiment_multi_CPU2.srcs/sources_1/new/Hazard_Detection_Unit.v"/>
        <Attr Name="ImportTime" Val="1669533906"/>
        <Attr Name="UsedIn" Val="synthesis"/>
        <Attr Name="UsedIn" Val="implementation"/>
        <Attr Name="UsedIn" Val="simulation"/>
      </FileInfo>
    </File>
    <File Path="$PSRCDIR/sources_1/new/IDEX.v">
      <FileInfo>
        <Attr Name="ImportPath" Val="$PPRDIR/../experiment_multi_CPU/experiment_multi_CPU.srcs/sources_1/new/IDEX.v"/>
        <Attr Name="ImportTime" Val="1669363253"/>
        <Attr Name="UsedIn" Val="synthesis"/>
        <Attr Name="UsedIn" Val="implementation"/>
        <Attr Name="UsedIn" Val="simulation"/>
      </FileInfo>
    </File>
    <File Path="$PSRCDIR/sources_1/new/IDIF.v">
      <FileInfo>
        <Attr Name="ImportPath" Val="$PPRDIR/../experiment_multi_CPU/experiment_multi_CPU.srcs/sources_1/new/IDIF.v"/>
        <Attr Name="ImportTime" Val="1669295353"/>
        <Attr Name="UsedIn" Val="synthesis"/>
        <Attr Name="UsedIn" Val="implementation"/>
        <Attr Name="UsedIn" Val="simulation"/>
      </FileInfo>
    </File>
    <File Path="$PSRCDIR/sources_1/new/InsMem.v">
      <FileInfo>
        <Attr Name="ImportPath" Val="$PPRDIR/../experiment_single_CPU/experiment_single_CPU.srcs/sources_1/new/InsMem.v"/>
        <Attr Name="ImportTime" Val="1668604921"/>
        <Attr Name="UsedIn" Val="synthesis"/>
        <Attr Name="UsedIn" Val="implementation"/>
        <Attr Name="UsedIn" Val="simulation"/>
      </FileInfo>
    </File>
    <File Path="$PSRCDIR/sources_1/new/MEMWB.v">
      <FileInfo>
        <Attr Name="ImportPath" Val="$PPRDIR/../experiment_multi_CPU/experiment_multi_CPU.srcs/sources_1/new/MEMWB.v"/>
        <Attr Name="ImportTime" Val="1669361165"/>
        <Attr Name="UsedIn" Val="synthesis"/>
        <Attr Name="UsedIn" Val="implementation"/>
        <Attr Name="UsedIn" Val="simulation"/>
      </FileInfo>
    </File>
    <File Path="$PSRCDIR/sources_1/new/MUX.v">
      <FileInfo>
        <Attr Name="ImportPath" Val="$PPRDIR/../experiment_single_CPU/experiment_single_CPU.srcs/sources_1/new/MUX.v"/>
        <Attr Name="ImportTime" Val="1668227963"/>
        <Attr Name="UsedIn" Val="synthesis"/>
        <Attr Name="UsedIn" Val="implementation"/>
        <Attr Name="UsedIn" Val="simulation"/>
      </FileInfo>
    </File>
    <File Path="$PSRCDIR/sources_1/new/Mux3.v">
      <FileInfo>
        <Attr Name="ImportPath" Val="$PPRDIR/../experiment_multi_CPU2/experiment_multi_CPU2.srcs/sources_1/new/Mux3.v"/>
        <Attr Name="ImportTime" Val="1669382612"/>
        <Attr Name="UsedIn" Val="synthesis"/>
        <Attr Name="UsedIn" Val="implementation"/>
        <Attr Name="UsedIn" Val="simulation"/>
      </FileInfo>
    </File>
    <File Path="$PSRCDIR/sources_1/new/PC.v">
      <FileInfo>
        <Attr Name="ImportPath" Val="$PPRDIR/../experiment_single_CPU/experiment_single_CPU.srcs/sources_1/new/PC.v"/>
        <Attr Name="ImportTime" Val="1668324130"/>
        <Attr Name="UsedIn" Val="synthesis"/>
        <Attr Name="UsedIn" Val="implementation"/>
        <Attr Name="UsedIn" Val="simulation"/>
      </FileInfo>
    </File>
    <File Path="$PSRCDIR/sources_1/new/Register.v">
      <FileInfo>
        <Attr Name="ImportPath" Val="$PPRDIR/../experiment_single_CPU/experiment_single_CPU.srcs/sources_1/new/Register.v"/>
        <Attr Name="ImportTime" Val="1668328267"/>
        <Attr Name="UsedIn" Val="synthesis"/>
        <Attr Name="UsedIn" Val="implementation"/>
        <Attr Name="UsedIn" Val="simulation"/>
      </FileInfo>
    </File>
    <File Path="$PSRCDIR/sources_1/new/smg.v">
      <FileInfo>
        <Attr Name="ImportPath" Val="$PPRDIR/../experiment_single_CPU_plus/experiment_single_CPU_plus.srcs/sources_1/new/smg.v"/>
        <Attr Name="ImportTime" Val="1668767340"/>
        <Attr Name="UsedIn" Val="synthesis"/>
        <Attr Name="UsedIn" Val="implementation"/>
        <Attr Name="UsedIn" Val="simulation"/>
      </FileInfo>
    </File>
    <File Path="$PSRCDIR/sources_1/new/CPU.v">
      <FileInfo>
        <Attr Name="ImportPath" Val="$PPRDIR/../experiment_single_CPU/experiment_single_CPU.srcs/sources_1/new/CPU.v"/>
        <Attr Name="ImportTime" Val="1668327648"/>
        <Attr Name="UsedIn" Val="synthesis"/>
        <Attr Name="UsedIn" Val="implementation"/>
        <Attr Name="UsedIn" Val="simulation"/>
      </FileInfo>
    </File>
    <Config>
      <Option Name="DesignMode" Val="RTL"/>
      <Option Name="TopModule" Val="CPU"/>
    </Config>
  </FileSet>
  <FileSet Name="constrs_in" Type="Constrs" RelSrcDir="$PSRCDIR/constrs_1">
    <Filter Type="Constrs"/>
    <File Path="$PSRCDIR/constrs_1/new/singleCPU_xdc.xdc">
      <FileInfo>
        <Attr Name="ImportPath" Val="$PPRDIR/../experiment_single_CPU/experiment_single_CPU.srcs/constrs_1/new/singleCPU_xdc.xdc"/>
        <Attr Name="ImportTime" Val="1668151575"/>
        <Attr Name="UsedIn" Val="synthesis"/>
        <Attr Name="UsedIn" Val="implementation"/>
      </FileInfo>
    </File>
    <Config>
      <Option Name="ConstrsType" Val="XDC"/>
    </Config>
  </FileSet>
  <FileSet Name="utils" Type="Utils" RelSrcDir="$PSRCDIR/utils_1">
    <Filter Type="Utils"/>
    <Config>
      <Option Name="TopAutoSet" Val="TRUE"/>
    </Config>
  </FileSet>
  <Strategy Version="1" Minor="2">
    <StratHandle Name="Vivado Synthesis Defaults" Flow="Vivado Synthesis 2018"/>
    <Step Id="synth_design"/>
  </Strategy>
</GenRun>
