<?xml version="1.0" encoding="UTF-8"?>
<GenRun Id="impl_1" LaunchPart="xc7a35tcpg236-1" LaunchTime="1668004195">
  <File Type="BITSTR-BMM" Name="cx_4_bd.bmm"/>
  <File Type="OPT-METHODOLOGY-DRC" Name="cx_4_methodology_drc_opted.rpt"/>
  <File Type="INIT-TIMING" Name="cx_4_timing_summary_init.rpt"/>
  <File Type="ROUTE-PWR" Name="cx_4_power_routed.rpt"/>
  <File Type="PA-TCL" Name="cx_4.tcl"/>
  <File Type="OPT-TIMING" Name="cx_4_timing_summary_opted.rpt"/>
  <File Type="OPT-DCP" Name="cx_4_opt.dcp"/>
  <File Type="ROUTE-PWR-SUM" Name="cx_4_power_summary_routed.pb"/>
  <File Type="REPORTS-TCL" Name="cx_4_reports.tcl"/>
  <File Type="OPT-DRC" Name="cx_4_drc_opted.rpt"/>
  <File Type="OPT-HWDEF" Name="cx_4.hwdef"/>
  <File Type="PWROPT-DCP" Name="cx_4_pwropt.dcp"/>
  <File Type="PWROPT-DRC" Name="cx_4_drc_pwropted.rpt"/>
  <File Type="PWROPT-TIMING" Name="cx_4_timing_summary_pwropted.rpt"/>
  <File Type="PLACE-DCP" Name="cx_4_placed.dcp"/>
  <File Type="PLACE-IO" Name="cx_4_io_placed.rpt"/>
  <File Type="PLACE-CLK" Name="cx_4_clock_utilization_placed.rpt"/>
  <File Type="PLACE-UTIL" Name="cx_4_utilization_placed.rpt"/>
  <File Type="PLACE-UTIL-PB" Name="cx_4_utilization_placed.pb"/>
  <File Type="PLACE-CTRL" Name="cx_4_control_sets_placed.rpt"/>
  <File Type="PLACE-SIMILARITY" Name="cx_4_incremental_reuse_placed.rpt"/>
  <File Type="PLACE-PRE-SIMILARITY" Name="cx_4_incremental_reuse_pre_placed.rpt"/>
  <File Type="BG-BGN" Name="cx_4.bgn"/>
  <File Type="PLACE-TIMING" Name="cx_4_timing_summary_placed.rpt"/>
  <File Type="POSTPLACE-PWROPT-DCP" Name="cx_4_postplace_pwropt.dcp"/>
  <File Type="BG-BIN" Name="cx_4.bin"/>
  <File Type="POSTPLACE-PWROPT-TIMING" Name="cx_4_timing_summary_postplace_pwropted.rpt"/>
  <File Type="PHYSOPT-DCP" Name="cx_4_physopt.dcp"/>
  <File Type="PHYSOPT-DRC" Name="cx_4_drc_physopted.rpt"/>
  <File Type="BITSTR-MSK" Name="cx_4.msk"/>
  <File Type="PHYSOPT-TIMING" Name="cx_4_timing_summary_physopted.rpt"/>
  <File Type="ROUTE-ERROR-DCP" Name="cx_4_routed_error.dcp"/>
  <File Type="ROUTE-DCP" Name="cx_4_routed.dcp"/>
  <File Type="ROUTE-BLACKBOX-DCP" Name="cx_4_routed_bb.dcp"/>
  <File Type="ROUTE-DRC" Name="cx_4_drc_routed.rpt"/>
  <File Type="ROUTE-DRC-PB" Name="cx_4_drc_routed.pb"/>
  <File Type="BITSTR-LTX" Name="debug_nets.ltx"/>
  <File Type="BITSTR-LTX" Name="cx_4.ltx"/>
  <File Type="ROUTE-DRC-RPX" Name="cx_4_drc_routed.rpx"/>
  <File Type="BITSTR-MMI" Name="cx_4.mmi"/>
  <File Type="ROUTE-METHODOLOGY-DRC" Name="cx_4_methodology_drc_routed.rpt"/>
  <File Type="ROUTE-METHODOLOGY-DRC-RPX" Name="cx_4_methodology_drc_routed.rpx"/>
  <File Type="BITSTR-SYSDEF" Name="cx_4.sysdef"/>
  <File Type="ROUTE-METHODOLOGY-DRC-PB" Name="cx_4_methodology_drc_routed.pb"/>
  <File Type="ROUTE-PWR-RPX" Name="cx_4_power_routed.rpx"/>
  <File Type="ROUTE-STATUS" Name="cx_4_route_status.rpt"/>
  <File Type="ROUTE-STATUS-PB" Name="cx_4_route_status.pb"/>
  <File Type="ROUTE-TIMINGSUMMARY" Name="cx_4_timing_summary_routed.rpt"/>
  <File Type="ROUTE-TIMING-PB" Name="cx_4_timing_summary_routed.pb"/>
  <File Type="ROUTE-TIMING-RPX" Name="cx_4_timing_summary_routed.rpx"/>
  <File Type="ROUTE-SIMILARITY" Name="cx_4_incremental_reuse_routed.rpt"/>
  <File Type="ROUTE-CLK" Name="cx_4_clock_utilization_routed.rpt"/>
  <File Type="ROUTE-BUS-SKEW" Name="cx_4_bus_skew_routed.rpt"/>
  <File Type="ROUTE-BUS-SKEW-PB" Name="cx_4_bus_skew_routed.pb"/>
  <File Type="ROUTE-BUS-SKEW-RPX" Name="cx_4_bus_skew_routed.rpx"/>
  <File Type="POSTROUTE-PHYSOPT-DCP" Name="cx_4_postroute_physopt.dcp"/>
  <File Type="POSTROUTE-PHYSOPT-BLACKBOX-DCP" Name="cx_4_postroute_physopt_bb.dcp"/>
  <File Type="POSTROUTE-PHYSOPT-TIMING" Name="cx_4_timing_summary_postroute_physopted.rpt"/>
  <File Type="POSTROUTE-PHYSOPT-TIMING-PB" Name="cx_4_timing_summary_postroute_physopted.pb"/>
  <File Type="POSTROUTE-PHYSOPT-TIMING-RPX" Name="cx_4_timing_summary_postroute_physopted.rpx"/>
  <File Type="POSTROUTE-PHYSOPT-BUS-SKEW" Name="cx_4_bus_skew_postroute_physopted.rpt"/>
  <File Type="POSTROUTE-PHYSOPT-BUS-SKEW-PB" Name="cx_4_bus_skew_postroute_physopted.pb"/>
  <File Type="BG-BIT" Name="cx_4.bit"/>
  <File Type="POSTROUTE-PHYSOPT-BUS-SKEW-RPX" Name="cx_4_bus_skew_postroute_physopted.rpx"/>
  <File Type="BITSTR-RBT" Name="cx_4.rbt"/>
  <File Type="BITSTR-NKY" Name="cx_4.nky"/>
  <File Type="BG-DRC" Name="cx_4.drc"/>
  <File Type="RDI-RDI" Name="cx_4.vdi"/>
  <File Type="WBT-USG" Name="usage_statistics_webtalk.html"/>
  <FileSet Name="sources" Type="DesignSrcs" RelSrcDir="$PSRCDIR/sources_1">
    <Filter Type="Srcs"/>
    <File Path="$PSRCDIR/sources_1/new/cx_4.v">
      <FileInfo>
        <Attr Name="UsedIn" Val="synthesis"/>
        <Attr Name="UsedIn" Val="implementation"/>
        <Attr Name="UsedIn" Val="simulation"/>
      </FileInfo>
    </File>
    <File Path="$PSRCDIR/sources_1/new/cx.v">
      <FileInfo>
        <Attr Name="AutoDisabled" Val="1"/>
        <Attr Name="UsedIn" Val="synthesis"/>
        <Attr Name="UsedIn" Val="implementation"/>
        <Attr Name="UsedIn" Val="simulation"/>
      </FileInfo>
    </File>
    <Config>
      <Option Name="DesignMode" Val="RTL"/>
      <Option Name="TopModule" Val="cx_4"/>
    </Config>
  </FileSet>
  <FileSet Name="constrs_in" Type="Constrs" RelSrcDir="$PSRCDIR/constrs_1">
    <Filter Type="Constrs"/>
    <File Path="$PSRCDIR/constrs_1/new/cx_xdc.xdc">
      <FileInfo>
        <Attr Name="UsedIn" Val="synthesis"/>
        <Attr Name="UsedIn" Val="implementation"/>
      </FileInfo>
    </File>
    <Config>
      <Option Name="ConstrsType" Val="XDC"/>
    </Config>
  </FileSet>
  <FileSet Name="utils" Type="Utils" RelSrcDir="$PSRCDIR/utils_1">
    <Filter Type="Utils"/>
    <Config>
      <Option Name="TopAutoSet" Val="TRUE"/>
    </Config>
  </FileSet>
  <Strategy Version="1" Minor="2">
    <StratHandle Name="Vivado Implementation Defaults" Flow="Vivado Implementation 2018"/>
    <Step Id="init_design"/>
    <Step Id="opt_design"/>
    <Step Id="power_opt_design"/>
    <Step Id="place_design"/>
    <Step Id="post_place_power_opt_design"/>
    <Step Id="phys_opt_design"/>
    <Step Id="route_design"/>
    <Step Id="post_route_phys_opt_design"/>
    <Step Id="write_bitstream"/>
  </Strategy>
</GenRun>
