<?xml version="1.0" encoding="UTF-8"?>
<GenRun Id="impl_1" LaunchPart="xc7a35tcpg236-1" LaunchTime="1667273275">
  <File Type="BITSTR-BMM" Name="add32_bd.bmm"/>
  <File Type="OPT-METHODOLOGY-DRC" Name="add32_methodology_drc_opted.rpt"/>
  <File Type="INIT-TIMING" Name="add32_timing_summary_init.rpt"/>
  <File Type="ROUTE-PWR" Name="add32_power_routed.rpt"/>
  <File Type="PA-TCL" Name="add32.tcl"/>
  <File Type="OPT-TIMING" Name="add32_timing_summary_opted.rpt"/>
  <File Type="OPT-DCP" Name="add32_opt.dcp"/>
  <File Type="ROUTE-PWR-SUM" Name="add32_power_summary_routed.pb"/>
  <File Type="REPORTS-TCL" Name="add32_reports.tcl"/>
  <File Type="OPT-DRC" Name="add32_drc_opted.rpt"/>
  <File Type="OPT-HWDEF" Name="add32.hwdef"/>
  <File Type="PWROPT-DCP" Name="add32_pwropt.dcp"/>
  <File Type="PWROPT-DRC" Name="add32_drc_pwropted.rpt"/>
  <File Type="PWROPT-TIMING" Name="add32_timing_summary_pwropted.rpt"/>
  <File Type="PLACE-DCP" Name="add32_placed.dcp"/>
  <File Type="PLACE-IO" Name="add32_io_placed.rpt"/>
  <File Type="PLACE-CLK" Name="add32_clock_utilization_placed.rpt"/>
  <File Type="PLACE-UTIL" Name="add32_utilization_placed.rpt"/>
  <File Type="PLACE-UTIL-PB" Name="add32_utilization_placed.pb"/>
  <File Type="PLACE-CTRL" Name="add32_control_sets_placed.rpt"/>
  <File Type="PLACE-SIMILARITY" Name="add32_incremental_reuse_placed.rpt"/>
  <File Type="PLACE-PRE-SIMILARITY" Name="add32_incremental_reuse_pre_placed.rpt"/>
  <File Type="BG-BGN" Name="add32.bgn"/>
  <File Type="PLACE-TIMING" Name="add32_timing_summary_placed.rpt"/>
  <File Type="POSTPLACE-PWROPT-DCP" Name="add32_postplace_pwropt.dcp"/>
  <File Type="BG-BIN" Name="add32.bin"/>
  <File Type="POSTPLACE-PWROPT-TIMING" Name="add32_timing_summary_postplace_pwropted.rpt"/>
  <File Type="PHYSOPT-DCP" Name="add32_physopt.dcp"/>
  <File Type="PHYSOPT-DRC" Name="add32_drc_physopted.rpt"/>
  <File Type="BITSTR-MSK" Name="add32.msk"/>
  <File Type="PHYSOPT-TIMING" Name="add32_timing_summary_physopted.rpt"/>
  <File Type="ROUTE-ERROR-DCP" Name="add32_routed_error.dcp"/>
  <File Type="ROUTE-DCP" Name="add32_routed.dcp"/>
  <File Type="ROUTE-BLACKBOX-DCP" Name="add32_routed_bb.dcp"/>
  <File Type="ROUTE-DRC" Name="add32_drc_routed.rpt"/>
  <File Type="ROUTE-DRC-PB" Name="add32_drc_routed.pb"/>
  <File Type="BITSTR-LTX" Name="debug_nets.ltx"/>
  <File Type="BITSTR-LTX" Name="add32.ltx"/>
  <File Type="ROUTE-DRC-RPX" Name="add32_drc_routed.rpx"/>
  <File Type="BITSTR-MMI" Name="add32.mmi"/>
  <File Type="ROUTE-METHODOLOGY-DRC" Name="add32_methodology_drc_routed.rpt"/>
  <File Type="ROUTE-METHODOLOGY-DRC-RPX" Name="add32_methodology_drc_routed.rpx"/>
  <File Type="BITSTR-SYSDEF" Name="add32.sysdef"/>
  <File Type="ROUTE-METHODOLOGY-DRC-PB" Name="add32_methodology_drc_routed.pb"/>
  <File Type="ROUTE-PWR-RPX" Name="add32_power_routed.rpx"/>
  <File Type="ROUTE-STATUS" Name="add32_route_status.rpt"/>
  <File Type="ROUTE-STATUS-PB" Name="add32_route_status.pb"/>
  <File Type="ROUTE-TIMINGSUMMARY" Name="add32_timing_summary_routed.rpt"/>
  <File Type="ROUTE-TIMING-PB" Name="add32_timing_summary_routed.pb"/>
  <File Type="ROUTE-TIMING-RPX" Name="add32_timing_summary_routed.rpx"/>
  <File Type="ROUTE-SIMILARITY" Name="add32_incremental_reuse_routed.rpt"/>
  <File Type="ROUTE-CLK" Name="add32_clock_utilization_routed.rpt"/>
  <File Type="ROUTE-BUS-SKEW" Name="add32_bus_skew_routed.rpt"/>
  <File Type="ROUTE-BUS-SKEW-PB" Name="add32_bus_skew_routed.pb"/>
  <File Type="ROUTE-BUS-SKEW-RPX" Name="add32_bus_skew_routed.rpx"/>
  <File Type="POSTROUTE-PHYSOPT-DCP" Name="add32_postroute_physopt.dcp"/>
  <File Type="POSTROUTE-PHYSOPT-BLACKBOX-DCP" Name="add32_postroute_physopt_bb.dcp"/>
  <File Type="POSTROUTE-PHYSOPT-TIMING" Name="add32_timing_summary_postroute_physopted.rpt"/>
  <File Type="POSTROUTE-PHYSOPT-TIMING-PB" Name="add32_timing_summary_postroute_physopted.pb"/>
  <File Type="POSTROUTE-PHYSOPT-TIMING-RPX" Name="add32_timing_summary_postroute_physopted.rpx"/>
  <File Type="POSTROUTE-PHYSOPT-BUS-SKEW" Name="add32_bus_skew_postroute_physopted.rpt"/>
  <File Type="POSTROUTE-PHYSOPT-BUS-SKEW-PB" Name="add32_bus_skew_postroute_physopted.pb"/>
  <File Type="BG-BIT" Name="add32.bit"/>
  <File Type="POSTROUTE-PHYSOPT-BUS-SKEW-RPX" Name="add32_bus_skew_postroute_physopted.rpx"/>
  <File Type="BITSTR-RBT" Name="add32.rbt"/>
  <File Type="BITSTR-NKY" Name="add32.nky"/>
  <File Type="BG-DRC" Name="add32.drc"/>
  <File Type="RDI-RDI" Name="add32.vdi"/>
  <File Type="WBT-USG" Name="usage_statistics_webtalk.html"/>
  <FileSet Name="sources" Type="DesignSrcs" RelSrcDir="$PSRCDIR/sources_1">
    <Filter Type="Srcs"/>
    <File Path="$PSRCDIR/sources_1/new/add32.v">
      <FileInfo>
        <Attr Name="UsedIn" Val="synthesis"/>
        <Attr Name="UsedIn" Val="implementation"/>
        <Attr Name="UsedIn" Val="simulation"/>
      </FileInfo>
    </File>
    <Config>
      <Option Name="DesignMode" Val="RTL"/>
      <Option Name="TopModule" Val="add32"/>
      <Option Name="TopAutoSet" Val="TRUE"/>
    </Config>
  </FileSet>
  <FileSet Name="constrs_in" Type="Constrs" RelSrcDir="$PSRCDIR/constrs_1">
    <Filter Type="Constrs"/>
    <Config>
      <Option Name="ConstrsType" Val="XDC"/>
    </Config>
  </FileSet>
  <FileSet Name="utils" Type="Utils" RelSrcDir="$PSRCDIR/utils_1">
    <Filter Type="Utils"/>
    <Config>
      <Option Name="TopAutoSet" Val="TRUE"/>
    </Config>
  </FileSet>
  <Strategy Version="1" Minor="2">
    <StratHandle Name="Vivado Implementation Defaults" Flow="Vivado Implementation 2018">
      <Desc>Default settings for Implementation.</Desc>
    </StratHandle>
    <Step Id="init_design"/>
    <Step Id="opt_design"/>
    <Step Id="power_opt_design"/>
    <Step Id="place_design"/>
    <Step Id="post_place_power_opt_design"/>
    <Step Id="phys_opt_design"/>
    <Step Id="route_design"/>
    <Step Id="post_route_phys_opt_design"/>
    <Step Id="write_bitstream"/>
  </Strategy>
  <BlockFileSet Type="BlockSrcs" Name="gate_0"/>
</GenRun>
