<?xml version="1.0" encoding="UTF-8"?>
<GenRun Id="impl_1" LaunchPart="xc7a35tcpg236-1" LaunchTime="1666868601">
  <File Type="ROUTE-PWR" Name="gate_power_routed.rpt"/>
  <File Type="PA-TCL" Name="gate.tcl"/>
  <File Type="BITSTR-BMM" Name="gate_bd.bmm"/>
  <File Type="ROUTE-PWR-SUM" Name="gate_power_summary_routed.pb"/>
  <File Type="REPORTS-TCL" Name="gate_reports.tcl"/>
  <File Type="OPT-DCP" Name="gate_opt.dcp"/>
  <File Type="OPT-DRC" Name="gate_drc_opted.rpt"/>
  <File Type="OPT-HWDEF" Name="gate.hwdef"/>
  <File Type="PWROPT-DCP" Name="gate_pwropt.dcp"/>
  <File Type="PLACE-DCP" Name="gate_placed.dcp"/>
  <File Type="PLACE-IO" Name="gate_io_placed.rpt"/>
  <File Type="PLACE-UTIL" Name="gate_utilization_placed.rpt"/>
  <File Type="PLACE-UTIL-PB" Name="gate_utilization_placed.pb"/>
  <File Type="PLACE-CTRL" Name="gate_control_sets_placed.rpt"/>
  <File Type="PLACE-PRE-SIMILARITY" Name="gate_incremental_reuse_pre_placed.rpt"/>
  <File Type="BG-BGN" Name="gate.bgn"/>
  <File Type="POSTPLACE-PWROPT-DCP" Name="gate_postplace_pwropt.dcp"/>
  <File Type="BG-BIN" Name="gate.bin"/>
  <File Type="PHYSOPT-DCP" Name="gate_physopt.dcp"/>
  <File Type="BITSTR-MSK" Name="gate.msk"/>
  <File Type="ROUTE-ERROR-DCP" Name="gate_routed_error.dcp"/>
  <File Type="ROUTE-DCP" Name="gate_routed.dcp"/>
  <File Type="ROUTE-BLACKBOX-DCP" Name="gate_routed_bb.dcp"/>
  <File Type="ROUTE-DRC" Name="gate_drc_routed.rpt"/>
  <File Type="ROUTE-DRC-PB" Name="gate_drc_routed.pb"/>
  <File Type="ROUTE-DRC-RPX" Name="gate_drc_routed.rpx"/>
  <File Type="BITSTR-LTX" Name="gate.ltx"/>
  <File Type="ROUTE-METHODOLOGY-DRC" Name="gate_methodology_drc_routed.rpt"/>
  <File Type="BITSTR-MMI" Name="gate.mmi"/>
  <File Type="ROUTE-METHODOLOGY-DRC-RPX" Name="gate_methodology_drc_routed.rpx"/>
  <File Type="ROUTE-METHODOLOGY-DRC-PB" Name="gate_methodology_drc_routed.pb"/>
  <File Type="BITSTR-SYSDEF" Name="gate.sysdef"/>
  <File Type="ROUTE-PWR-RPX" Name="gate_power_routed.rpx"/>
  <File Type="ROUTE-STATUS" Name="gate_route_status.rpt"/>
  <File Type="ROUTE-STATUS-PB" Name="gate_route_status.pb"/>
  <File Type="ROUTE-TIMINGSUMMARY" Name="gate_timing_summary_routed.rpt"/>
  <File Type="ROUTE-TIMING-PB" Name="gate_timing_summary_routed.pb"/>
  <File Type="ROUTE-TIMING-RPX" Name="gate_timing_summary_routed.rpx"/>
  <File Type="ROUTE-CLK" Name="gate_clock_utilization_routed.rpt"/>
  <File Type="ROUTE-BUS-SKEW" Name="gate_bus_skew_routed.rpt"/>
  <File Type="ROUTE-BUS-SKEW-PB" Name="gate_bus_skew_routed.pb"/>
  <File Type="ROUTE-BUS-SKEW-RPX" Name="gate_bus_skew_routed.rpx"/>
  <File Type="POSTROUTE-PHYSOPT-DCP" Name="gate_postroute_physopt.dcp"/>
  <File Type="POSTROUTE-PHYSOPT-BLACKBOX-DCP" Name="gate_postroute_physopt_bb.dcp"/>
  <File Type="BG-BIT" Name="gate.bit"/>
  <File Type="BITSTR-RBT" Name="gate.rbt"/>
  <File Type="BITSTR-NKY" Name="gate.nky"/>
  <File Type="BG-DRC" Name="gate.drc"/>
  <File Type="RDI-RDI" Name="gate.vdi"/>
  <File Type="WBT-USG" Name="usage_statistics_webtalk.html"/>
  <FileSet Name="sources" Type="DesignSrcs" RelSrcDir="$PSRCDIR/sources_1">
    <Filter Type="Srcs"/>
    <File Path="$PSRCDIR/sources_1/new/adder.v">
      <FileInfo>
        <Attr Name="UsedIn" Val="synthesis"/>
        <Attr Name="UsedIn" Val="implementation"/>
        <Attr Name="UsedIn" Val="simulation"/>
      </FileInfo>
    </File>
    <File Path="$PSRCDIR/sources_1/new/full_adder.v">
      <FileInfo>
        <Attr Name="UsedIn" Val="synthesis"/>
        <Attr Name="UsedIn" Val="implementation"/>
        <Attr Name="UsedIn" Val="simulation"/>
      </FileInfo>
    </File>
    <File Path="$PSRCDIR/sources_1/new/gates.v">
      <FileInfo>
        <Attr Name="UsedIn" Val="synthesis"/>
        <Attr Name="UsedIn" Val="implementation"/>
        <Attr Name="UsedIn" Val="simulation"/>
      </FileInfo>
    </File>
    <Config>
      <Option Name="DesignMode" Val="RTL"/>
      <Option Name="TopModule" Val="gate"/>
      <Option Name="TopAutoSet" Val="TRUE"/>
    </Config>
  </FileSet>
  <FileSet Name="constrs_in" Type="Constrs" RelSrcDir="$PSRCDIR/constrs_1">
    <Filter Type="Constrs"/>
    <File Path="$PSRCDIR/constrs_1/new/fulladder_sim.xdc">
      <FileInfo>
        <Attr Name="UsedIn" Val="synthesis"/>
        <Attr Name="UsedIn" Val="implementation"/>
      </FileInfo>
    </File>
    <File Path="$PSRCDIR/constrs_1/new/gate.xdc">
      <FileInfo>
        <Attr Name="UsedIn" Val="synthesis"/>
        <Attr Name="UsedIn" Val="implementation"/>
      </FileInfo>
    </File>
    <Config>
      <Option Name="ConstrsType" Val="XDC"/>
    </Config>
  </FileSet>
  <FileSet Name="utils" Type="Utils" RelSrcDir="$PSRCDIR/utils_1">
    <Filter Type="Utils"/>
    <Config>
      <Option Name="TopAutoSet" Val="TRUE"/>
    </Config>
  </FileSet>
  <Strategy Version="1" Minor="2">
    <StratHandle Name="Vivado Implementation Defaults" Flow="Vivado Implementation 2018"/>
    <Step Id="init_design"/>
    <Step Id="opt_design"/>
    <Step Id="power_opt_design"/>
    <Step Id="place_design"/>
    <Step Id="post_place_power_opt_design"/>
    <Step Id="phys_opt_design"/>
    <Step Id="route_design"/>
    <Step Id="post_route_phys_opt_design"/>
    <Step Id="write_bitstream"/>
  </Strategy>
</GenRun>
