<?xml version="1.0" encoding="UTF-8"?>
<GenRun Id="synth_1" LaunchPart="xc7a35tcpg236-1" LaunchTime="1667273238">
  <File Type="PA-TCL" Name="add32.tcl"/>
  <File Type="RDS-PROPCONSTRS" Name="add32_drc_synth.rpt"/>
  <File Type="REPORTS-TCL" Name="add32_reports.tcl"/>
  <File Type="RDS-RDS" Name="add32.vds"/>
  <File Type="RDS-UTIL" Name="add32_utilization_synth.rpt"/>
  <File Type="RDS-UTIL-PB" Name="add32_utilization_synth.pb"/>
  <File Type="RDS-DCP" Name="add32.dcp"/>
  <File Type="VDS-TIMINGSUMMARY" Name="add32_timing_summary_synth.rpt"/>
  <File Type="VDS-TIMING-PB" Name="add32_timing_summary_synth.pb"/>
  <FileSet Name="sources" Type="DesignSrcs" RelSrcDir="$PSRCDIR/sources_1">
    <Filter Type="Srcs"/>
    <File Path="$PSRCDIR/sources_1/new/add32.v">
      <FileInfo>
        <Attr Name="UsedIn" Val="synthesis"/>
        <Attr Name="UsedIn" Val="implementation"/>
        <Attr Name="UsedIn" Val="simulation"/>
      </FileInfo>
    </File>
    <Config>
      <Option Name="DesignMode" Val="RTL"/>
      <Option Name="TopModule" Val="add32"/>
      <Option Name="TopAutoSet" Val="TRUE"/>
    </Config>
  </FileSet>
  <FileSet Name="constrs_in" Type="Constrs" RelSrcDir="$PSRCDIR/constrs_1">
    <Filter Type="Constrs"/>
    <Config>
      <Option Name="ConstrsType" Val="XDC"/>
    </Config>
  </FileSet>
  <FileSet Name="utils" Type="Utils" RelSrcDir="$PSRCDIR/utils_1">
    <Filter Type="Utils"/>
    <Config>
      <Option Name="TopAutoSet" Val="TRUE"/>
    </Config>
  </FileSet>
  <Strategy Version="1" Minor="2">
    <StratHandle Name="Vivado Synthesis Defaults" Flow="Vivado Synthesis 2018">
      <Desc>Vivado Synthesis Defaults</Desc>
    </StratHandle>
    <Step Id="synth_design"/>
  </Strategy>
  <BlockFileSet Type="BlockSrcs" Name="gate_0"/>
</GenRun>
