<?xml version="1.0" encoding="UTF-8"?>
<GenRun Id="impl_1" LaunchPart="xc7a35tcpg236-1" LaunchTime="1667658816">
  <File Type="BITSTR-BMM" Name="ywjcq_bd.bmm"/>
  <File Type="OPT-METHODOLOGY-DRC" Name="ywjcq_methodology_drc_opted.rpt"/>
  <File Type="INIT-TIMING" Name="ywjcq_timing_summary_init.rpt"/>
  <File Type="ROUTE-PWR" Name="ywjcq_power_routed.rpt"/>
  <File Type="PA-TCL" Name="ywjcq.tcl"/>
  <File Type="OPT-TIMING" Name="ywjcq_timing_summary_opted.rpt"/>
  <File Type="OPT-DCP" Name="ywjcq_opt.dcp"/>
  <File Type="ROUTE-PWR-SUM" Name="ywjcq_power_summary_routed.pb"/>
  <File Type="REPORTS-TCL" Name="ywjcq_reports.tcl"/>
  <File Type="OPT-DRC" Name="ywjcq_drc_opted.rpt"/>
  <File Type="OPT-HWDEF" Name="ywjcq.hwdef"/>
  <File Type="PWROPT-DCP" Name="ywjcq_pwropt.dcp"/>
  <File Type="PWROPT-DRC" Name="ywjcq_drc_pwropted.rpt"/>
  <File Type="PWROPT-TIMING" Name="ywjcq_timing_summary_pwropted.rpt"/>
  <File Type="PLACE-DCP" Name="ywjcq_placed.dcp"/>
  <File Type="PLACE-IO" Name="ywjcq_io_placed.rpt"/>
  <File Type="PLACE-CLK" Name="ywjcq_clock_utilization_placed.rpt"/>
  <File Type="PLACE-UTIL" Name="ywjcq_utilization_placed.rpt"/>
  <File Type="PLACE-UTIL-PB" Name="ywjcq_utilization_placed.pb"/>
  <File Type="PLACE-CTRL" Name="ywjcq_control_sets_placed.rpt"/>
  <File Type="PLACE-SIMILARITY" Name="ywjcq_incremental_reuse_placed.rpt"/>
  <File Type="PLACE-PRE-SIMILARITY" Name="ywjcq_incremental_reuse_pre_placed.rpt"/>
  <File Type="BG-BGN" Name="ywjcq.bgn"/>
  <File Type="PLACE-TIMING" Name="ywjcq_timing_summary_placed.rpt"/>
  <File Type="POSTPLACE-PWROPT-DCP" Name="ywjcq_postplace_pwropt.dcp"/>
  <File Type="BG-BIN" Name="ywjcq.bin"/>
  <File Type="POSTPLACE-PWROPT-TIMING" Name="ywjcq_timing_summary_postplace_pwropted.rpt"/>
  <File Type="PHYSOPT-DCP" Name="ywjcq_physopt.dcp"/>
  <File Type="PHYSOPT-DRC" Name="ywjcq_drc_physopted.rpt"/>
  <File Type="BITSTR-MSK" Name="ywjcq.msk"/>
  <File Type="PHYSOPT-TIMING" Name="ywjcq_timing_summary_physopted.rpt"/>
  <File Type="ROUTE-ERROR-DCP" Name="ywjcq_routed_error.dcp"/>
  <File Type="ROUTE-DCP" Name="ywjcq_routed.dcp"/>
  <File Type="ROUTE-BLACKBOX-DCP" Name="ywjcq_routed_bb.dcp"/>
  <File Type="ROUTE-DRC" Name="ywjcq_drc_routed.rpt"/>
  <File Type="ROUTE-DRC-PB" Name="ywjcq_drc_routed.pb"/>
  <File Type="BITSTR-LTX" Name="debug_nets.ltx"/>
  <File Type="BITSTR-LTX" Name="ywjcq.ltx"/>
  <File Type="ROUTE-DRC-RPX" Name="ywjcq_drc_routed.rpx"/>
  <File Type="BITSTR-MMI" Name="ywjcq.mmi"/>
  <File Type="ROUTE-METHODOLOGY-DRC" Name="ywjcq_methodology_drc_routed.rpt"/>
  <File Type="ROUTE-METHODOLOGY-DRC-RPX" Name="ywjcq_methodology_drc_routed.rpx"/>
  <File Type="BITSTR-SYSDEF" Name="ywjcq.sysdef"/>
  <File Type="ROUTE-METHODOLOGY-DRC-PB" Name="ywjcq_methodology_drc_routed.pb"/>
  <File Type="ROUTE-PWR-RPX" Name="ywjcq_power_routed.rpx"/>
  <File Type="ROUTE-STATUS" Name="ywjcq_route_status.rpt"/>
  <File Type="ROUTE-STATUS-PB" Name="ywjcq_route_status.pb"/>
  <File Type="ROUTE-TIMINGSUMMARY" Name="ywjcq_timing_summary_routed.rpt"/>
  <File Type="ROUTE-TIMING-PB" Name="ywjcq_timing_summary_routed.pb"/>
  <File Type="ROUTE-TIMING-RPX" Name="ywjcq_timing_summary_routed.rpx"/>
  <File Type="ROUTE-SIMILARITY" Name="ywjcq_incremental_reuse_routed.rpt"/>
  <File Type="ROUTE-CLK" Name="ywjcq_clock_utilization_routed.rpt"/>
  <File Type="ROUTE-BUS-SKEW" Name="ywjcq_bus_skew_routed.rpt"/>
  <File Type="ROUTE-BUS-SKEW-PB" Name="ywjcq_bus_skew_routed.pb"/>
  <File Type="ROUTE-BUS-SKEW-RPX" Name="ywjcq_bus_skew_routed.rpx"/>
  <File Type="POSTROUTE-PHYSOPT-DCP" Name="ywjcq_postroute_physopt.dcp"/>
  <File Type="POSTROUTE-PHYSOPT-BLACKBOX-DCP" Name="ywjcq_postroute_physopt_bb.dcp"/>
  <File Type="POSTROUTE-PHYSOPT-TIMING" Name="ywjcq_timing_summary_postroute_physopted.rpt"/>
  <File Type="POSTROUTE-PHYSOPT-TIMING-PB" Name="ywjcq_timing_summary_postroute_physopted.pb"/>
  <File Type="POSTROUTE-PHYSOPT-TIMING-RPX" Name="ywjcq_timing_summary_postroute_physopted.rpx"/>
  <File Type="POSTROUTE-PHYSOPT-BUS-SKEW" Name="ywjcq_bus_skew_postroute_physopted.rpt"/>
  <File Type="POSTROUTE-PHYSOPT-BUS-SKEW-PB" Name="ywjcq_bus_skew_postroute_physopted.pb"/>
  <File Type="BG-BIT" Name="ywjcq.bit"/>
  <File Type="POSTROUTE-PHYSOPT-BUS-SKEW-RPX" Name="ywjcq_bus_skew_postroute_physopted.rpx"/>
  <File Type="BITSTR-RBT" Name="ywjcq.rbt"/>
  <File Type="BITSTR-NKY" Name="ywjcq.nky"/>
  <File Type="BG-DRC" Name="ywjcq.drc"/>
  <File Type="RDI-RDI" Name="ywjcq.vdi"/>
  <File Type="WBT-USG" Name="usage_statistics_webtalk.html"/>
  <FileSet Name="sources" Type="DesignSrcs" RelSrcDir="$PSRCDIR/sources_1">
    <Filter Type="Srcs"/>
    <File Path="$PSRCDIR/sources_1/new/ywjcq.v">
      <FileInfo>
        <Attr Name="UsedIn" Val="synthesis"/>
        <Attr Name="UsedIn" Val="implementation"/>
        <Attr Name="UsedIn" Val="simulation"/>
      </FileInfo>
    </File>
    <Config>
      <Option Name="DesignMode" Val="RTL"/>
      <Option Name="TopModule" Val="ywjcq"/>
      <Option Name="TopAutoSet" Val="TRUE"/>
    </Config>
  </FileSet>
  <FileSet Name="constrs_in" Type="Constrs" RelSrcDir="$PSRCDIR/constrs_1">
    <Filter Type="Constrs"/>
    <File Path="$PSRCDIR/constrs_1/new/ywjcq_xdc.xdc">
      <FileInfo>
        <Attr Name="UsedIn" Val="synthesis"/>
        <Attr Name="UsedIn" Val="implementation"/>
      </FileInfo>
    </File>
    <Config>
      <Option Name="ConstrsType" Val="XDC"/>
    </Config>
  </FileSet>
  <FileSet Name="utils" Type="Utils" RelSrcDir="$PSRCDIR/utils_1">
    <Filter Type="Utils"/>
    <Config>
      <Option Name="TopAutoSet" Val="TRUE"/>
    </Config>
  </FileSet>
  <Strategy Version="1" Minor="2">
    <StratHandle Name="Vivado Implementation Defaults" Flow="Vivado Implementation 2018">
      <Desc>Default settings for Implementation.</Desc>
    </StratHandle>
    <Step Id="init_design"/>
    <Step Id="opt_design"/>
    <Step Id="power_opt_design"/>
    <Step Id="place_design"/>
    <Step Id="post_place_power_opt_design"/>
    <Step Id="phys_opt_design"/>
    <Step Id="route_design"/>
    <Step Id="post_route_phys_opt_design"/>
    <Step Id="write_bitstream"/>
  </Strategy>
</GenRun>
