<?xml version="1.0" encoding="UTF-8"?>
<GenRun Id="impl_1" LaunchPart="xc7a35tcpg236-1" LaunchTime="1667206093">
  <File Type="BITSTR-BMM" Name="agree_bd.bmm"/>
  <File Type="OPT-METHODOLOGY-DRC" Name="agree_methodology_drc_opted.rpt"/>
  <File Type="INIT-TIMING" Name="agree_timing_summary_init.rpt"/>
  <File Type="ROUTE-PWR" Name="agree_power_routed.rpt"/>
  <File Type="PA-TCL" Name="agree.tcl"/>
  <File Type="OPT-TIMING" Name="agree_timing_summary_opted.rpt"/>
  <File Type="OPT-DCP" Name="agree_opt.dcp"/>
  <File Type="ROUTE-PWR-SUM" Name="agree_power_summary_routed.pb"/>
  <File Type="REPORTS-TCL" Name="agree_reports.tcl"/>
  <File Type="OPT-DRC" Name="agree_drc_opted.rpt"/>
  <File Type="OPT-HWDEF" Name="agree.hwdef"/>
  <File Type="PWROPT-DCP" Name="agree_pwropt.dcp"/>
  <File Type="PWROPT-DRC" Name="agree_drc_pwropted.rpt"/>
  <File Type="PWROPT-TIMING" Name="agree_timing_summary_pwropted.rpt"/>
  <File Type="PLACE-DCP" Name="agree_placed.dcp"/>
  <File Type="PLACE-IO" Name="agree_io_placed.rpt"/>
  <File Type="PLACE-CLK" Name="agree_clock_utilization_placed.rpt"/>
  <File Type="PLACE-UTIL" Name="agree_utilization_placed.rpt"/>
  <File Type="PLACE-UTIL-PB" Name="agree_utilization_placed.pb"/>
  <File Type="PLACE-CTRL" Name="agree_control_sets_placed.rpt"/>
  <File Type="PLACE-SIMILARITY" Name="agree_incremental_reuse_placed.rpt"/>
  <File Type="PLACE-PRE-SIMILARITY" Name="agree_incremental_reuse_pre_placed.rpt"/>
  <File Type="BG-BGN" Name="agree.bgn"/>
  <File Type="PLACE-TIMING" Name="agree_timing_summary_placed.rpt"/>
  <File Type="POSTPLACE-PWROPT-DCP" Name="agree_postplace_pwropt.dcp"/>
  <File Type="BG-BIN" Name="agree.bin"/>
  <File Type="POSTPLACE-PWROPT-TIMING" Name="agree_timing_summary_postplace_pwropted.rpt"/>
  <File Type="PHYSOPT-DCP" Name="agree_physopt.dcp"/>
  <File Type="PHYSOPT-DRC" Name="agree_drc_physopted.rpt"/>
  <File Type="BITSTR-MSK" Name="agree.msk"/>
  <File Type="PHYSOPT-TIMING" Name="agree_timing_summary_physopted.rpt"/>
  <File Type="ROUTE-ERROR-DCP" Name="agree_routed_error.dcp"/>
  <File Type="ROUTE-DCP" Name="agree_routed.dcp"/>
  <File Type="ROUTE-BLACKBOX-DCP" Name="agree_routed_bb.dcp"/>
  <File Type="ROUTE-DRC" Name="agree_drc_routed.rpt"/>
  <File Type="ROUTE-DRC-PB" Name="agree_drc_routed.pb"/>
  <File Type="BITSTR-LTX" Name="debug_nets.ltx"/>
  <File Type="BITSTR-LTX" Name="agree.ltx"/>
  <File Type="ROUTE-DRC-RPX" Name="agree_drc_routed.rpx"/>
  <File Type="BITSTR-MMI" Name="agree.mmi"/>
  <File Type="ROUTE-METHODOLOGY-DRC" Name="agree_methodology_drc_routed.rpt"/>
  <File Type="ROUTE-METHODOLOGY-DRC-RPX" Name="agree_methodology_drc_routed.rpx"/>
  <File Type="BITSTR-SYSDEF" Name="agree.sysdef"/>
  <File Type="ROUTE-METHODOLOGY-DRC-PB" Name="agree_methodology_drc_routed.pb"/>
  <File Type="ROUTE-PWR-RPX" Name="agree_power_routed.rpx"/>
  <File Type="ROUTE-STATUS" Name="agree_route_status.rpt"/>
  <File Type="ROUTE-STATUS-PB" Name="agree_route_status.pb"/>
  <File Type="ROUTE-TIMINGSUMMARY" Name="agree_timing_summary_routed.rpt"/>
  <File Type="ROUTE-TIMING-PB" Name="agree_timing_summary_routed.pb"/>
  <File Type="ROUTE-TIMING-RPX" Name="agree_timing_summary_routed.rpx"/>
  <File Type="ROUTE-SIMILARITY" Name="agree_incremental_reuse_routed.rpt"/>
  <File Type="ROUTE-CLK" Name="agree_clock_utilization_routed.rpt"/>
  <File Type="ROUTE-BUS-SKEW" Name="agree_bus_skew_routed.rpt"/>
  <File Type="ROUTE-BUS-SKEW-PB" Name="agree_bus_skew_routed.pb"/>
  <File Type="ROUTE-BUS-SKEW-RPX" Name="agree_bus_skew_routed.rpx"/>
  <File Type="POSTROUTE-PHYSOPT-DCP" Name="agree_postroute_physopt.dcp"/>
  <File Type="POSTROUTE-PHYSOPT-BLACKBOX-DCP" Name="agree_postroute_physopt_bb.dcp"/>
  <File Type="POSTROUTE-PHYSOPT-TIMING" Name="agree_timing_summary_postroute_physopted.rpt"/>
  <File Type="POSTROUTE-PHYSOPT-TIMING-PB" Name="agree_timing_summary_postroute_physopted.pb"/>
  <File Type="POSTROUTE-PHYSOPT-TIMING-RPX" Name="agree_timing_summary_postroute_physopted.rpx"/>
  <File Type="POSTROUTE-PHYSOPT-BUS-SKEW" Name="agree_bus_skew_postroute_physopted.rpt"/>
  <File Type="POSTROUTE-PHYSOPT-BUS-SKEW-PB" Name="agree_bus_skew_postroute_physopted.pb"/>
  <File Type="BG-BIT" Name="agree.bit"/>
  <File Type="POSTROUTE-PHYSOPT-BUS-SKEW-RPX" Name="agree_bus_skew_postroute_physopted.rpx"/>
  <File Type="BITSTR-RBT" Name="agree.rbt"/>
  <File Type="BITSTR-NKY" Name="agree.nky"/>
  <File Type="BG-DRC" Name="agree.drc"/>
  <File Type="RDI-RDI" Name="agree.vdi"/>
  <File Type="WBT-USG" Name="usage_statistics_webtalk.html"/>
  <FileSet Name="sources" Type="DesignSrcs" RelSrcDir="$PSRCDIR/sources_1">
    <Filter Type="Srcs"/>
    <File Path="$PSRCDIR/sources_1/ip/decode_0/decode_0.xci">
      <FileInfo>
        <Attr Name="UsedIn" Val="synthesis"/>
        <Attr Name="UsedIn" Val="implementation"/>
        <Attr Name="UsedIn" Val="simulation"/>
      </FileInfo>
    </File>
    <File Path="$PSRCDIR/sources_1/new/agree.v">
      <FileInfo>
        <Attr Name="UsedIn" Val="synthesis"/>
        <Attr Name="UsedIn" Val="implementation"/>
        <Attr Name="UsedIn" Val="simulation"/>
      </FileInfo>
    </File>
    <Config>
      <Option Name="DesignMode" Val="RTL"/>
      <Option Name="TopModule" Val="agree"/>
      <Option Name="TopAutoSet" Val="TRUE"/>
    </Config>
  </FileSet>
  <FileSet Name="constrs_in" Type="Constrs" RelSrcDir="$PSRCDIR/constrs_1">
    <Filter Type="Constrs"/>
    <File Path="$PSRCDIR/constrs_1/new/agree_xdc.xdc">
      <FileInfo>
        <Attr Name="UsedIn" Val="synthesis"/>
        <Attr Name="UsedIn" Val="implementation"/>
      </FileInfo>
    </File>
    <Config>
      <Option Name="ConstrsType" Val="XDC"/>
    </Config>
  </FileSet>
  <FileSet Name="utils" Type="Utils" RelSrcDir="$PSRCDIR/utils_1">
    <Filter Type="Utils"/>
    <Config>
      <Option Name="TopAutoSet" Val="TRUE"/>
    </Config>
  </FileSet>
  <Strategy Version="1" Minor="2">
    <StratHandle Name="Vivado Implementation Defaults" Flow="Vivado Implementation 2018">
      <Desc>Default settings for Implementation.</Desc>
    </StratHandle>
    <Step Id="init_design"/>
    <Step Id="opt_design"/>
    <Step Id="power_opt_design"/>
    <Step Id="place_design"/>
    <Step Id="post_place_power_opt_design"/>
    <Step Id="phys_opt_design"/>
    <Step Id="route_design"/>
    <Step Id="post_route_phys_opt_design"/>
    <Step Id="write_bitstream">
      <Option Id="BinFile">1</Option>
    </Step>
  </Strategy>
</GenRun>
