<?xml version="1.0" encoding="UTF-8"?>
<GenRun Id="gate_0_synth_1" LaunchPart="xc7a35tcpg236-1" LaunchTime="1667806707">
  <File Type="PA-TCL" Name="gate_0.tcl"/>
  <File Type="REPORTS-TCL" Name="gate_0_reports.tcl"/>
  <File Type="RDS-RDS" Name="gate_0.vds"/>
  <File Type="RDS-UTIL" Name="gate_0_utilization_synth.rpt"/>
  <File Type="RDS-UTIL-PB" Name="gate_0_utilization_synth.pb"/>
  <File Type="RDS-DCP" Name="gate_0.dcp"/>
  <FileSet Name="sources" Type="BlockSrcs" RelSrcDir="$PSRCDIR/gate_0">
    <File Path="$PSRCDIR/sources_1/ip/gate_0/gate_0.xci">
      <FileInfo>
        <Attr Name="UsedIn" Val="synthesis"/>
        <Attr Name="UsedIn" Val="implementation"/>
        <Attr Name="UsedIn" Val="simulation"/>
      </FileInfo>
    </File>
    <Config>
      <Option Name="TopModule" Val="gate_0"/>
      <Option Name="UseBlackboxStub" Val="1"/>
    </Config>
  </FileSet>
  <FileSet Name="constrs_in" Type="BlockSrcs" RelSrcDir="$PSRCDIR/gate_0">
    <File Path="$PSRCDIR/sources_1/ip/gate_0/gate_0.xci">
      <FileInfo>
        <Attr Name="UsedIn" Val="synthesis"/>
        <Attr Name="UsedIn" Val="implementation"/>
        <Attr Name="UsedIn" Val="simulation"/>
      </FileInfo>
    </File>
    <Config>
      <Option Name="TopModule" Val="gate_0"/>
      <Option Name="UseBlackboxStub" Val="1"/>
    </Config>
  </FileSet>
  <FileSet Name="utils" Type="Utils" RelSrcDir="$PSRCDIR/utils_1">
    <Filter Type="Utils"/>
    <Config>
      <Option Name="TopAutoSet" Val="TRUE"/>
    </Config>
  </FileSet>
  <Strategy Version="1" Minor="2">
    <StratHandle Name="Vivado Synthesis Defaults" Flow="Vivado Synthesis 2018"/>
    <Step Id="synth_design"/>
  </Strategy>
</GenRun>
