,match_id,player1,player2,elapsed_time,set_no,game_no,point_no,p1_sets,p2_sets,p1_games,p2_games,p1_score,p2_score,server,serve_no,point_victor,p1_points_won,p2_points_won,game_victor,set_victor,p1_ace,p2_ace,p1_winner,p2_winner,winner_shot_type,p1_double_fault,p2_double_fault,p1_unf_err,p2_unf_err,p1_net_pt,p2_net_pt,p1_net_pt_won,p2_net_pt_won,p1_break_pt,p2_break_pt,p1_break_pt_won,p2_break_pt_won,p1_break_pt_missed,p2_break_pt_missed,p1_distance_run,p2_distance_run,rally_count,speed_mph,serve_width,serve_depth,return_depth,race,p1_long_rallies_won,p2_long_rallies_won,Score Factor_1,Service Factor_1,Break Factor_1,Rally Factor_1,Points Advantage_1,Serve Advantage_1,Unforced Errors_1,Winners_1,Momentum_1,Score Factor_2,Service Factor_2,Break Factor_2,Rally Factor_2,Points Advantage_2,Serve Advantage_2,Unforced Errors_2,Winners_2,Momentum_2,p1_victor,p2_victor
0,2023-wimbledon-1301,Carlos Alcaraz,Nicolas Jarry,0:00:00,1,1,1,0,0,0,0,0,0,1,2,2,0,1,0,0,0,0,0,0,0,0,0,1,0,0,0,0,0,0,0,0,0,0,0,6.0,7.84,2,95.0,BC,NCTL,ND,0,0,0,0,0,0.0,0.6526315720775624,-1,1,-1,0,0.0,0,0,0.0,0.34736841739612195,0,-1,0,0,0.0,0,1
1,2023-wimbledon-1301,Carlos Alcaraz,Nicolas Jarry,0:00:38,1,1,2,0,0,0,0,0,15,1,1,1,1,1,0,0,0,0,0,0,0,0,0,0,0,0,0,0,0,0,0,0,0,0,0,5.253,7.094,1,118.0,B,CTL,ND,0,0,0,0,0,0.0,0.6526315720775624,0,1,-1,0,0.0,0,0,0.0,0.34736841739612195,0,-1,0,0,0.0,1,1
2,2023-wimbledon-1301,Carlos Alcaraz,Nicolas Jarry,0:01:01,1,1,3,0,0,0,0,15,15,1,1,2,1,2,0,0,0,0,0,0,0,0,0,1,0,0,0,0,0,0,0,0,0,0,0,13.8,19.808,4,120.0,B,NCTL,D,0,0,1,0,0,0.0,0.6526315720775624,-1,1,-2,0,0.0,0,0,0.0,0.34736841739612195,0,-1,0,0,0.0,0,1
3,2023-wimbledon-1301,Carlos Alcaraz,Nicolas Jarry,0:01:31,1,1,4,0,0,0,0,15,30,1,1,1,2,2,0,0,0,0,1,0,F,0,0,0,0,0,1,0,0,0,0,0,0,0,0,51.108,75.631,13,130.0,BW,CTL,D,0,1,0,0,0,0.0,0.6526315720775624,0,1,-2,1,0.0,0,0,0.0,0.34736841739612195,0,-1,0,0,0.0,1,1
4,2023-wimbledon-1301,Carlos Alcaraz,Nicolas Jarry,0:02:21,1,1,5,0,0,0,0,30,30,1,1,1,3,2,0,0,1,0,1,0,0,0,0,0,0,0,0,0,0,0,0,0,0,0,0,0.649,0.813,1,112.0,W,NCTL,,1,0,0,0,1,0.0,0.6526315720775624,1,1,-2,2,0.0,0,-1,0.0,0.34736841739612195,0,-1,0,0,0.0,1,1
5,2023-wimbledon-1301,Carlos Alcaraz,Nicolas Jarry,0:02:50,1,1,6,0,0,0,0,40,30,1,2,2,3,3,0,0,0,0,0,0,0,0,0,0,0,0,0,0,0,0,0,0,0,0,0,5.291,4.249,2,97.0,BW,NCTL,ND,0,0,0,0,1,0.0,0.6526315720775624,0,1,-2,2,0.0,0,-1,0.0,0.34736841739612195,0,-1,0,0,0.0,0,1
6,2023-wimbledon-1301,Carlos Alcaraz,Nicolas Jarry,0:03:33,1,1,7,0,0,0,0,40,40,1,1,1,4,3,0,0,1,0,1,0,0,0,0,0,0,0,0,0,0,0,0,0,0,0,0,6.817,17.821,1,109.0,W,CTL,D,1,0,0,0,2,0.0,0.6526315720775624,1,1,-2,3,0.0,0,-2,0.0,0.34736841739612195,0,-1,0,0,0.0,1,1
7,2023-wimbledon-1301,Carlos Alcaraz,Nicolas Jarry,0:04:01,1,1,8,0,0,0,0,AD,40,1,2,2,4,4,0,0,0,0,0,1,F,0,0,0,0,0,1,0,1,0,0,0,0,0,0,17.503,18.067,6,105.0,B,NCTL,ND,0,0,1,0,2,0.0,0.6526315720775624,0,1,-2,3,0.0,0,-2,0.0,0.34736841739612195,0,-1,0,1,0.0,0,1
8,2023-wimbledon-1301,Carlos Alcaraz,Nicolas Jarry,0:04:48,1,1,9,0,0,0,0,40,40,1,1,1,5,4,0,0,0,0,0,0,0,0,0,0,0,1,0,1,0,0,0,0,0,0,0,34.489,24.594,7,128.0,BC,CTL,D,0,1,0,0,2,0.0,0.6526315720775624,1,1,-2,3,0.0,0,-2,0.0,0.34736841739612195,0,-1,0,1,0.0,1,1
9,2023-wimbledon-1301,Carlos Alcaraz,Nicolas Jarry,0:05:32,1,1,10,0,0,0,0,AD,40,1,1,1,6,4,1,0,0,0,0,0,0,0,0,0,0,0,0,0,0,0,0,0,0,0,0,21.235,27.427,5,110.0,B,NCTL,ND,0,1,0,0,2,0.0,0.6526315720775624,2,1,-2,3,4.211131874889835,0,-2,0.0,0.34736841739612195,0,-1,0,1,-0.47444221823574884,1,1
10,2023-wimbledon-1301,Carlos Alcaraz,Nicolas Jarry,0:07:05,1,2,11,0,0,1,0,0,0,2,1,2,6,5,0,0,0,1,0,1,0,0,0,0,0,0,0,0,0,0,0,0,0,0,0,5.785,4.915,1,112.0,W,CTL,D,1,0,0,1,1,0.0,0.6526315720775624,2,-1,-1,3,0.20623954100623504,-1,-1,0.0,0.34736841739612195,0,1,0,2,0.2854066565006723,0,1
11,2023-wimbledon-1301,Carlos Alcaraz,Nicolas Jarry,0:07:28,1,2,12,0,0,1,0,0,15,2,1,1,7,5,0,0,0,0,0,0,0,0,0,0,0,0,0,0,0,0,0,0,0,0,0,19.744,18.244,4,130.0,W,NCTL,D,0,1,0,1,1,0.0,0.6526315720775624,2,-1,-1,3,0.7657410327747436,-1,-1,0.0,0.34736841739612195,0,1,0,2,0.6005891522405387,1,1
12,2023-wimbledon-1301,Carlos Alcaraz,Nicolas Jarry,0:08:06,1,2,13,0,0,1,0,15,15,2,1,1,8,5,0,0,0,0,0,0,0,0,0,0,1,0,0,0,0,0,0,0,0,0,0,26.013,18.626,4,120.0,C,NCTL,D,0,1,0,1,1,0.0,0.6526315720775624,4,-1,0,3,2.354832668469663,-1,-1,0.0,0.34736841739612195,0,1,-1,2,0.5431707008314728,1,1
13,2023-wimbledon-1301,Carlos Alcaraz,Nicolas Jarry,0:08:41,1,2,14,0,0,1,0,30,15,2,1,2,8,6,0,0,0,0,0,1,F,0,0,0,0,0,0,0,0,0,0,0,0,0,0,10.667,7.112,3,128.0,W,NCTL,ND,0,0,0,1,1,0.0,0.6526315720775624,2,-1,0,2,0.29265941995195277,-1,-1,0.0,0.34736841739612195,0,1,-1,3,0.770340276112793,0,1
14,2023-wimbledon-1301,Carlos Alcaraz,Nicolas Jarry,0:09:11,1,2,15,0,0,1,0,30,30,2,1,2,8,7,0,0,0,0,0,0,0,0,0,0,0,0,0,0,0,0,0,0,0,0,0,3.399,2.237,1,130.0,C,NCTL,ND,0,0,0,1,0,0.0,0.6526315720775624,0,-1,0,1,-1.0845401071285539,-1,0,0.0,0.34736841739612195,0,1,-1,3,0.5632658603467314,0,1
15,2023-wimbledon-1301,Carlos Alcaraz,Nicolas Jarry,0:09:37,1,2,16,0,0,1,0,30,40,2,2,1,9,7,0,0,0,0,0,0,0,0,0,0,0,0,0,0,0,0,0,0,0,0,0,5.3,4.307,2,97.0,BW,NCTL,D,0,0,0,1,0,0.0,0.6526315720775624,2,-1,0,1,0.4869822081653109,-1,0,0.0,0.34736841739612195,0,1,-1,3,0.4447589677113183,1,1
16,2023-wimbledon-1301,Carlos Alcaraz,Nicolas Jarry,0:10:20,1,2,17,0,0,1,0,40,40,2,1,2,9,8,0,0,0,0,0,0,0,0,0,0,0,0,0,0,0,0,0,0,0,0,0,5.245,5.499,1,124.0,BC,NCTL,,0,0,0,1,-1,0.0,0.6526315720775624,0,-1,0,0,-1.2653772694898975,-1,1,0.0,0.34736841739612195,0,1,-1,3,0.5071560433692945,0,1
17,2023-wimbledon-1301,Carlos Alcaraz,Nicolas Jarry,0:10:45,1,2,18,0,0,1,0,40,AD,2,1,2,9,9,2,0,0,0,0,1,F,0,0,0,0,0,1,0,1,0,0,0,0,0,0,15.194,16.594,3,116.0,C,NCTL,ND,0,0,0,1,-1,0.0,0.6526315720775624,0,-1,0,0,-1.2653772694898975,-1,1,0.0,0.34736841739612195,0,1,-1,3,0.5071560433692945,0,1
18,2023-wimbledon-1301,Carlos Alcaraz,Nicolas Jarry,0:11:24,1,3,19,0,0,1,1,0,0,1,1,1,10,9,0,0,1,0,1,0,0,0,0,0,0,0,0,0,0,0,0,0,0,0,0,0.899,1.073,1,126.0,C,CTL,,1,0,0,0,0,0.0,0.6526315720775624,0,1,0,1,0.41134388983710474,0,0,0.0,0.34736841739612195,0,-1,-1,3,-0.7695369294609647,1,1
19,2023-wimbledon-1301,Carlos Alcaraz,Nicolas Jarry,0:11:47,1,3,20,0,0,1,1,15,0,1,1,1,11,9,0,0,0,0,0,0,0,0,0,0,0,0,0,0,0,0,0,0,0,0,0,18.088,34.756,5,127.0,W,CTL,D,0,1,0,0,0,0.0,0.6526315720775624,0,1,0,1,0.5819161271712927,0,0,0.0,0.34736841739612195,0,-1,-1,3,-0.5110966158337098,1,1
20,2023-wimbledon-1301,Carlos Alcaraz,Nicolas Jarry,0:12:17,1,3,21,0,0,1,1,30,0,1,1,2,11,10,0,0,0,0,0,0,0,0,0,0,0,0,0,0,0,0,0,0,0,0,0,7.288,10.818,2,114.0,BW,NCTL,D,0,0,0,0,1,0.0,0.6526315720775624,0,1,0,1,0.20996865423164762,0,-1,0.0,0.34736841739612195,0,-1,-1,2,-0.44798529601264303,0,1
21,2023-wimbledon-1301,Carlos Alcaraz,Nicolas Jarry,0:12:44,1,3,22,0,0,1,1,30,15,1,1,1,12,10,0,0,0,0,0,0,0,0,0,0,1,0,0,0,0,0,0,0,0,0,0,42.166,32.944,9,127.0,B,NCTL,ND,0,1,0,0,1,0.0,0.6526315720775624,0,1,0,1,0.45364058200597446,0,-1,0.0,0.34736841739612195,0,-1,-2,2,-0.49582457191848683,1,1
22,2023-wimbledon-1301,Carlos Alcaraz,Nicolas Jarry,0:13:26,1,3,23,0,0,1,1,40,15,1,2,1,13,10,1,0,0,0,0,0,0,0,0,0,0,0,0,0,0,0,0,0,0,0,0,3.782,4.479,1,103.0,BC,NCTL,D,0,0,0,0,1,0.0,0.6526315720775624,0,1,0,1,0.6477937579971245,0,-1,0.0,0.34736841739612195,0,-1,-1,2,-0.6922479263423043,1,1
23,2023-wimbledon-1301,Carlos Alcaraz,Nicolas Jarry,0:15:31,1,4,24,0,0,2,1,0,0,2,2,2,13,11,0,0,0,0,0,0,0,0,0,1,0,0,0,0,0,0,0,0,0,0,0,12.601,13.713,3,107.0,BC,NCTL,ND,0,0,0,1,1,0.0,0.6526315720775624,0,-1,-1,1,-0.8779856763209914,-1,-1,0.0,0.34736841739612195,0,1,-1,1,0.6729690353077957,0,1
24,2023-wimbledon-1301,Carlos Alcaraz,Nicolas Jarry,0:16:15,1,4,25,0,0,2,1,0,15,2,1,2,13,12,0,0,0,0,0,0,0,0,0,0,0,0,0,0,0,0,0,0,0,0,0,14.925,13.976,3,111.0,BW,NCTL,ND,0,0,0,1,1,0.0,0.6526315720775624,0,-1,-1,1,-0.8779856763209914,-1,-1,0.0,0.34736841739612195,0,1,-1,1,0.6729690353077957,0,1
25,2023-wimbledon-1301,Carlos Alcaraz,Nicolas Jarry,0:16:47,1,4,26,0,0,2,1,0,30,2,1,2,13,13,0,0,0,1,0,1,0,0,0,0,0,0,0,0,0,0,0,0,0,0,0,0.903,1.067,1,125.0,C,NCTL,,1,0,0,1,0,0.0,0.6526315720775624,-2,-1,-1,1,-2.1554618800352707,-1,0,0.0,0.34736841739612195,0,1,-1,2,0.7631546715713302,0,1
26,2023-wimbledon-1301,Carlos Alcaraz,Nicolas Jarry,0:17:08,1,4,27,0,0,2,1,0,40,2,1,2,13,14,2,0,0,0,0,1,F,0,0,0,0,0,0,0,0,0,0,0,0,0,0,20.027,7.402,3,126.0,W,NCTL,,0,0,0,1,0,0.0,0.6526315720775624,-2,-1,-1,1,-2.375793852375431,-1,0,0.0,0.34736841739612195,0,1,-1,3,0.6650454180567664,0,1
27,2023-wimbledon-1301,Carlos Alcaraz,Nicolas Jarry,0:17:49,1,5,28,0,0,2,2,0,0,1,1,1,14,14,0,0,0,0,1,0,F,0,0,0,0,0,0,0,0,0,0,0,0,0,0,15.352,29.366,5,116.0,W,CTL,ND,0,1,0,0,0,0.0,0.6526315720775624,0,1,-1,2,0.761702033745627,0,0,0.0,0.34736841739612195,0,-1,-1,2,-0.4774630187248521,1,1
28,2023-wimbledon-1301,Carlos Alcaraz,Nicolas Jarry,0:18:25,1,5,29,0,0,2,2,15,0,1,1,1,15,14,0,0,0,0,0,0,0,0,0,0,0,0,0,0,0,0,0,0,0,0,0,4.285,8.276,1,129.0,C,NCTL,ND,0,0,0,0,-1,0.0,0.6526315720775624,0,1,-1,1,0.9737360312003622,0,1,0.0,0.34736841739612195,0,-1,-1,2,-0.5425684025555675,1,1
29,2023-wimbledon-1301,Carlos Alcaraz,Nicolas Jarry,0:18:50,1,5,30,0,0,2,2,30,0,1,1,1,16,14,0,0,0,0,0,0,0,0,0,0,0,1,0,1,0,0,0,0,0,0,0,11.974,12.523,3,110.0,BC,NCTL,ND,0,0,0,0,-1,0.0,0.6526315720775624,0,1,-1,1,1.1874528194202112,0,1,0.0,0.34736841739612195,0,-1,-1,2,-0.5117785284975204,1,1
30,2023-wimbledon-1301,Carlos Alcaraz,Nicolas Jarry,0:19:20,1,5,31,0,0,2,2,40,0,1,2,2,16,15,0,0,0,0,0,0,0,0,0,1,0,0,0,0,0,0,0,0,0,0,0,5.609,6.965,2,113.0,BC,NCTL,ND,0,0,0,0,-1,0.0,0.6526315720775624,0,1,-2,1,0.39636167391692967,0,1,0.0,0.34736841739612195,0,-1,-1,2,-0.5925061889646892,0,1
31,2023-wimbledon-1301,Carlos Alcaraz,Nicolas Jarry,0:20:03,1,5,32,0,0,2,2,40,15,1,2,2,16,16,0,0,0,0,0,0,0,0,0,0,0,0,0,0,0,0,0,0,0,0,0,8.518,12.74,2,104.0,BC,NCTL,D,0,0,0,0,-1,0.0,0.6526315720775624,-2,1,-2,1,-1.3322132201274333,0,1,0.0,0.34736841739612195,0,-1,0,2,-0.559173689386171,0,1
32,2023-wimbledon-1301,Carlos Alcaraz,Nicolas Jarry,0:20:55,1,5,33,0,0,2,2,40,30,1,1,2,16,17,0,0,0,0,0,0,0,0,0,1,0,0,0,0,0,0,0,0,0,0,0,8.859,11.439,2,111.0,B,CTL,D,0,0,0,0,-1,0.0,0.6526315720775624,-4,1,-3,1,-3.3176727989393577,0,1,0.0,0.34736841739612195,0,-1,0,2,-0.644142281794384,0,1
33,2023-wimbledon-1301,Carlos Alcaraz,Nicolas Jarry,0:21:27,1,5,34,0,0,2,2,40,40,1,2,1,17,17,0,0,0,0,0,0,0,0,0,0,0,1,0,1,0,0,0,0,0,0,0,30.782,25.6,5,97.0,C,CTL,D,0,1,0,0,-1,0.0,0.6526315720775624,-2,1,-2,1,-1.5187642546493512,0,1,0.0,0.34736841739612195,0,-1,0,2,-0.644142281794384,1,1
34,2023-wimbledon-1301,Carlos Alcaraz,Nicolas Jarry,0:22:19,1,5,35,0,0,2,2,AD,40,1,1,1,18,17,1,0,0,0,0,0,0,0,0,0,0,1,0,1,0,0,0,0,0,0,0,6.824,9.574,1,114.0,C,NCTL,D,0,0,0,0,-1,0.0,0.6526315720775624,0,1,-2,1,0.33697987294016957,0,1,0.0,0.34736841739612195,0,-1,0,2,-0.7414786417626519,1,1
35,2023-wimbledon-1301,Carlos Alcaraz,Nicolas Jarry,0:24:22,1,6,36,0,0,3,2,0,0,2,1,2,18,18,0,0,0,0,0,0,0,0,0,0,0,0,0,0,0,0,0,0,0,0,0,7.809,6.11,1,110.0,W,CTL,ND,0,0,0,1,0,0.0,0.6526315720775624,0,-1,-2,1,-1.3761116837336946,-1,0,0.0,0.34736841739612195,0,1,0,1,0.7401637907803722,0,1
36,2023-wimbledon-1301,Carlos Alcaraz,Nicolas Jarry,0:24:53,1,6,37,0,0,3,2,0,15,2,2,1,19,18,0,0,0,0,0,0,0,0,0,0,1,0,0,0,0,0,0,0,0,0,0,29.094,29.593,6,90.0,BW,NCTL,ND,0,1,0,1,0,0.0,0.6526315720775624,2,-1,-2,1,0.69168770365599,-1,0,0.0,0.34736841739612195,0,1,-1,0,0.5339796165746709,1,1
37,2023-wimbledon-1301,Carlos Alcaraz,Nicolas Jarry,0:26:05,1,6,38,0,0,3,2,15,15,2,1,2,19,19,0,0,0,0,0,0,0,0,0,0,0,0,0,0,0,0,0,0,0,0,0,6.815,5.189,1,125.0,C,NCTL,D,0,0,0,1,0,0.0,0.6526315720775624,0,-1,-2,0,-1.4268073003766675,-1,0,0.0,0.34736841739612195,0,1,-1,0,0.43420782709746164,0,1
38,2023-wimbledon-1301,Carlos Alcaraz,Nicolas Jarry,0:26:30,1,6,39,0,0,3,2,15,30,2,1,2,19,20,0,0,0,0,0,0,0,0,0,0,0,0,0,0,0,0,0,0,0,0,0,2.678,2.617,1,127.0,B,NCTL,ND,0,0,0,1,0,0.0,0.6526315720775624,-2,-1,-2,0,-3.321697266327337,-1,0,0.0,0.34736841739612195,0,1,-1,0,0.41170387979170503,0,1
39,2023-wimbledon-1301,Carlos Alcaraz,Nicolas Jarry,0:26:56,1,6,40,0,0,3,2,15,40,2,2,2,19,21,2,0,0,0,0,0,0,0,0,0,0,0,0,0,0,0,0,0,0,0,0,5.043,4.667,1,111.0,BW,NCTL,ND,0,0,0,1,0,0.0,0.6526315720775624,-4,-1,-2,0,-5.210081063899304,-1,0,0.0,0.34736841739612195,0,1,-1,0,0.39716023287827307,0,1
40,2023-wimbledon-1301,Carlos Alcaraz,Nicolas Jarry,0:27:42,1,7,41,0,0,3,3,0,0,1,2,1,20,21,0,0,0,0,1,0,B,0,0,0,0,0,1,0,0,0,0,0,0,0,0,34.233,32.677,9,107.0,BW,NCTL,ND,0,1,0,0,0,0.0,0.6526315720775624,-2,1,-1,1,-0.9742330656491361,0,0,0.0,0.34736841739612195,0,-1,-1,0,-1.0919293872858347,1,1
41,2023-wimbledon-1301,Carlos Alcaraz,Nicolas Jarry,0:28:37,1,7,42,0,0,3,3,15,0,1,1,1,21,21,0,0,0,0,0,0,0,0,0,0,1,0,1,0,0,0,0,0,0,0,0,9.872,19.138,3,120.0,C,NCTL,ND,0,0,0,0,0,0.0,0.6526315720775624,0,1,-1,1,0.4694080911316124,0,0,0.0,0.34736841739612195,0,-1,-2,0,-1.3197176592401387,1,1
42,2023-wimbledon-1301,Carlos Alcaraz,Nicolas Jarry,0:29:06,1,7,43,0,0,3,3,30,0,1,1,1,22,21,0,0,0,0,1,0,F,0,0,0,0,0,0,0,0,0,0,0,0,0,0,6.277,11.043,3,115.0,W,CTL,ND,0,0,0,0,0,0.0,0.6526315720775624,2,1,0,2,2.355166036462771,0,0,0.0,0.34736841739612195,0,-1,-2,0,-1.3197176592401387,1,1
43,2023-wimbledon-1301,Carlos Alcaraz,Nicolas Jarry,0:29:32,1,7,44,0,0,3,3,40,0,1,2,2,22,22,0,0,0,0,0,0,0,0,0,0,0,0,0,0,0,0,0,0,0,0,0,18.076,18.664,6,104.0,BW,NCTL,D,0,0,1,0,0,0.0,0.6526315720775624,0,1,0,2,0.42742644738560986,0,0,0.0,0.34736841739612195,0,-1,-2,0,-1.047743792962511,0,1
44,2023-wimbledon-1301,Carlos Alcaraz,Nicolas Jarry,0:30:17,1,7,45,0,0,3,3,40,15,1,2,1,23,22,1,0,0,0,0,0,0,0,0,0,0,0,1,0,0,0,0,0,0,0,0,31.727,25.324,5,101.0,B,NCTL,D,0,1,0,0,0,0.0,0.6526315720775624,0,1,0,2,0.6129343867164494,0,0,0.0,0.34736841739612195,0,-1,-2,0,-1.1394567513304112,1,1
45,2023-wimbledon-1301,Carlos Alcaraz,Nicolas Jarry,0:32:34,1,8,46,0,0,4,3,0,0,2,1,2,23,23,0,0,0,0,0,0,0,0,0,0,0,0,0,0,0,0,0,0,0,0,0,5.879,4.853,1,132.0,C,CTL,D,0,0,0,1,0,0.0,0.6526315720775624,0,-1,0,2,-0.8514849891481523,-1,0,0.0,0.34736841739612195,0,1,-2,0,0.32496262453419067,0,1
46,2023-wimbledon-1301,Carlos Alcaraz,Nicolas Jarry,0:32:57,1,8,47,0,0,4,3,0,15,2,2,1,24,23,0,0,0,0,0,0,0,0,1,0,1,0,0,0,0,0,0,0,0,0,0,0.929,0.93,0,,W,CTL,,0,0,0,1,1,0.0,0.6526315720775624,0,-1,0,2,-0.9119384368315641,-1,-1,0.0,0.34736841739612195,0,1,-2,0,0.3854160722176023,1,1
47,2023-wimbledon-1301,Carlos Alcaraz,Nicolas Jarry,0:33:33,1,8,48,0,0,4,3,15,15,2,1,2,24,24,0,0,0,1,0,1,0,0,0,0,0,0,0,0,0,0,0,0,0,0,0,1.427,0.849,1,130.0,C,CTL,,1,0,0,1,0,0.0,0.6526315720775624,0,-1,0,2,-1.0795163126593785,-1,0,0.0,0.34736841739612195,0,1,-2,1,0.4258634040736336,0,1
48,2023-wimbledon-1301,Carlos Alcaraz,Nicolas Jarry,0:33:58,1,8,49,0,0,4,3,15,30,2,2,1,25,24,0,0,0,0,0,0,0,0,0,0,1,0,0,0,0,0,0,0,0,0,0,17.838,18.464,6,101.0,BW,NCTL,D,0,1,0,1,0,0.0,0.6526315720775624,2,-1,0,2,0.7009583863212328,-1,0,0.0,0.34736841739612195,0,1,-3,1,0.33726087469003596,1,1
49,2023-wimbledon-1301,Carlos Alcaraz,Nicolas Jarry,0:34:46,1,8,50,0,0,4,3,30,30,2,2,1,26,24,0,0,0,0,1,0,F,0,0,0,0,0,1,0,0,0,0,0,0,0,0,61.781,54.356,16,106.0,B,NCTL,D,0,1,0,1,0,0.0,0.6526315720775624,4,-1,0,3,2.560927637994929,-1,0,0.0,0.34736841739612195,0,1,-3,1,0.383582516733954,1,1
50,2023-wimbledon-1301,Carlos Alcaraz,Nicolas Jarry,0:36:02,1,8,51,0,0,4,3,40,30,2,2,1,27,24,1,0,0,0,0,0,0,0,0,0,1,0,0,0,0,1,0,1,0,0,0,29.677,19.121,6,106.0,B,NCTL,ND,0,1,0,1,0,0.9999990000010001,0.6526315720775624,4,-1,0,2,2.686652759765937,-1,0,-0.9999990000010001,0.34736841739612195,0,1,-4,1,0.2820555632071932,1,1
51,2023-wimbledon-1301,Carlos Alcaraz,Nicolas Jarry,0:37:18,1,9,52,0,0,5,3,0,0,1,1,1,28,24,0,0,0,0,0,0,0,0,0,0,0,0,0,0,0,0,0,0,0,0,0,3.341,4.725,1,115.0,BW,NCTL,D,0,0,0,2,0,0.9999990000010001,0.6526315720775624,4,1,0,2,4.161245203928113,-2,0,-0.9999990000010001,0.34736841739612195,0,-1,-3,1,-1.047659776563148,1,1
52,2023-wimbledon-1301,Carlos Alcaraz,Nicolas Jarry,0:37:44,1,9,53,0,0,5,3,15,0,1,2,2,28,25,0,0,0,0,0,0,0,0,0,0,0,0,0,0,0,0,0,0,0,0,0,5.528,7.524,2,100.0,BW,NCTL,D,0,0,0,2,0,0.9999990000010001,0.6526315720775624,2,1,0,1,1.2721075988176884,-2,0,-0.9999990000010001,0.34736841739612195,0,-1,-3,1,-0.275500038958639,0,1
53,2023-wimbledon-1301,Carlos Alcaraz,Nicolas Jarry,0:38:26,1,9,54,0,0,5,3,15,15,1,1,1,29,25,0,0,0,0,0,0,0,0,0,0,0,0,0,0,0,0,0,0,0,0,0,4.227,6.116,1,122.0,BC,NCTL,D,0,0,0,2,0,0.9999990000010001,0.6526315720775624,4,1,0,1,2.867264782943512,-2,0,-0.9999990000010001,0.34736841739612195,0,-1,-3,1,-0.2858234459391052,1,1
54,2023-wimbledon-1301,Carlos Alcaraz,Nicolas Jarry,0:38:54,1,9,55,0,0,5,3,30,15,1,1,2,29,26,0,0,0,0,0,0,0,0,0,0,0,1,0,0,0,0,0,0,0,0,0,11.654,11.702,4,115.0,C,NCTL,ND,0,0,1,2,0,0.9999990000010001,0.6526315720775624,2,1,0,1,0.6809248946698672,-2,0,-0.9999990000010001,0.34736841739612195,0,-1,-3,1,0.20216460000158074,0,1
55,2023-wimbledon-1301,Carlos Alcaraz,Nicolas Jarry,0:39:29,1,9,56,0,0,5,3,30,30,1,1,1,30,26,0,0,0,0,0,0,0,0,0,0,0,1,0,1,0,0,0,0,0,0,0,11.34,11.519,3,129.0,C,NCTL,ND,0,0,0,2,0,0.9999990000010001,0.6526315720775624,4,1,0,1,2.220555705730854,-2,0,-0.9999990000010001,0.34736841739612195,0,-1,-3,1,0.19074361358652397,1,1
56,2023-wimbledon-1301,Carlos Alcaraz,Nicolas Jarry,0:40:01,1,9,57,0,0,5,3,40,30,1,1,2,30,27,0,0,0,0,0,0,0,0,0,1,0,1,0,0,0,0,0,0,0,0,0,9.299,8.077,2,113.0,BW,NCTL,,0,0,0,2,-1,0.9999990000010001,0.6526315720775624,2,1,-1,1,0.12247856144911025,-2,1,-0.9999990000010001,0.34736841739612195,0,-1,-2,1,0.4865521877442945,0,1
57,2023-wimbledon-1301,Carlos Alcaraz,Nicolas Jarry,0:40:33,1,9,58,0,0,5,3,40,40,1,1,1,31,27,0,0,0,0,0,0,0,0,0,0,0,0,1,0,0,0,0,0,0,0,0,31.428,29.751,7,114.0,BW,NCTL,D,0,1,0,2,0,0.9999990000010001,0.6526315720775624,4,1,-1,1,1.6086616204328477,-2,0,-0.9999990000010001,0.34736841739612195,0,-1,-2,0,0.2634691435703682,1,1
58,2023-wimbledon-1301,Carlos Alcaraz,Nicolas Jarry,0:41:23,1,9,59,0,0,5,3,AD,40,1,2,2,31,28,0,0,0,0,0,1,F,0,0,0,0,0,1,0,1,0,0,0,0,0,0,16.514,17.962,4,88.0,BW,NCTL,ND,0,0,1,2,0,0.9999990000010001,0.6526315720775624,2,1,-1,1,-0.1374019580100054,-2,0,-0.9999990000010001,0.34736841739612195,0,-1,-1,1,0.6750204093203356,0,1
59,2023-wimbledon-1301,Carlos Alcaraz,Nicolas Jarry,0:42:31,1,9,60,0,0,5,3,40,40,1,1,2,31,29,0,0,0,0,0,1,F,0,0,0,0,0,1,0,1,0,0,0,0,0,0,21.882,23.411,6,123.0,BC,NCTL,D,0,0,1,2,0,0.9999990000010001,0.6526315720775624,0,1,-1,0,-1.800593619607579,-2,0,-0.9999990000010001,0.34736841739612195,0,-1,-1,2,0.9083971984469643,0,1
60,2023-wimbledon-1301,Carlos Alcaraz,Nicolas Jarry,0:43:18,1,9,61,0,0,5,3,40,AD,1,1,1,32,29,0,0,0,0,1,0,B,0,0,0,0,0,0,0,0,0,1,0,0,0,1,18.705,28.259,7,121.0,BC,NCTL,ND,0,1,0,2,0,0.9999990000010001,0.6526315720775624,0,1,-1,1,-1.6515780967160445,-2,0,-0.9999990000010001,0.34736841739612195,0,-1,0,2,1.1040576533463407,1,1
61,2023-wimbledon-1301,Carlos Alcaraz,Nicolas Jarry,0:43:59,1,9,62,0,0,5,3,40,40,1,1,1,33,29,0,0,0,0,0,0,0,0,0,0,0,0,0,0,0,0,0,0,0,0,0,2.109,3.14,1,130.0,C,NCTL,ND,0,0,0,2,0,0.9999990000010001,0.6526315720775624,0,1,-1,1,-1.213091558132219,-2,0,-0.9999990000010001,0.34736841739612195,0,-1,0,2,0.8466719393795782,1,1
62,2023-wimbledon-1301,Carlos Alcaraz,Nicolas Jarry,0:44:29,1,9,63,0,0,5,3,AD,40,1,1,1,34,29,1,1,0,0,0,0,0,0,0,0,1,1,0,1,0,0,0,0,0,0,0,16.592,19.606,3,132.0,BW,NCTL,ND,0,0,0,2,0,0.9999990000010001,0.6526315720775624,2,1,-1,1,0.18374741625894545,-2,0,-0.9999990000010001,0.34736841739612195,0,-1,-1,2,0.5716368301180683,1,1
63,2023-wimbledon-1301,Carlos Alcaraz,Nicolas Jarry,0:47:04,2,1,64,1,0,0,0,0,0,2,1,2,34,30,0,0,0,1,0,1,0,0,0,0,0,0,0,0,0,0,0,0,0,0,0,1.621,0.843,1,123.0,C,NCTL,,1,0,0,6,-1,0.9999990000010001,0.6526315720775624,0,-1,-1,1,-2.9181216072898586,-6,1,-0.9999990000010001,0.34736841739612195,0,1,-1,3,2.6008957578783884,0,1
64,2023-wimbledon-1301,Carlos Alcaraz,Nicolas Jarry,0:47:27,2,1,65,1,0,0,0,0,15,2,1,2,34,31,0,0,0,1,0,1,0,0,0,0,0,0,0,0,0,0,0,0,0,0,0,0.896,0.864,1,117.0,C,NCTL,,1,0,0,6,-2,0.9999990000010001,0.6526315720775624,0,-1,-1,1,-3.0795375858588576,-6,2,-0.9999990000010001,0.34736841739612195,0,1,-1,4,2.9058272782700243,0,1
65,2023-wimbledon-1301,Carlos Alcaraz,Nicolas Jarry,0:47:52,2,1,66,1,0,0,0,0,30,2,1,2,34,32,0,0,0,0,0,0,0,0,0,0,0,0,1,0,1,0,0,0,0,0,0,3.619,3.818,1,123.0,B,NCTL,ND,0,0,0,6,-2,0.9999990000010001,0.6526315720775624,-2,-1,-1,1,-4.334884476136461,-6,2,-0.9999990000010001,0.34736841739612195,0,1,-1,4,2.8928841102321985,0,1
66,2023-wimbledon-1301,Carlos Alcaraz,Nicolas Jarry,0:48:17,2,1,67,1,0,0,0,0,40,2,1,2,34,33,2,0,0,0,0,0,0,0,0,0,0,0,0,0,0,0,0,0,0,0,0,9.33,6.471,1,122.0,C,CTL,ND,0,0,0,6,-2,0.9999990000010001,0.6526315720775624,-2,-1,0,1,-4.200546069252359,-6,2,-0.9999990000010001,0.34736841739612195,0,1,-1,4,2.881006759144741,0,1
67,2023-wimbledon-1301,Carlos Alcaraz,Nicolas Jarry,0:49:17,2,2,68,1,0,0,1,0,0,1,1,1,35,33,0,0,1,0,1,0,0,0,0,0,0,0,0,0,0,0,0,0,0,0,0,0.827,1.015,1,127.0,C,NCTL,,1,0,0,5,-1,0.9999990000010001,0.6526315720775624,-2,1,0,2,-1.0075118260836744,-5,1,-0.9999990000010001,0.34736841739612195,0,-1,-1,4,1.5564827172441436,1,1
68,2023-wimbledon-1301,Carlos Alcaraz,Nicolas Jarry,0:49:38,2,2,69,1,0,0,1,15,0,1,2,1,36,33,0,0,0,0,0,0,0,0,0,0,0,0,0,0,0,0,0,0,0,0,0,2.754,3.715,1,102.0,BW,NCTL,ND,0,0,0,5,-1,0.9999990000010001,0.6526315720775624,0,1,0,2,0.2032754914962357,-5,1,-0.9999990000010001,0.34736841739612195,0,-1,-1,3,1.153013086719668,1,1
69,2023-wimbledon-1301,Carlos Alcaraz,Nicolas Jarry,0:50:14,2,2,70,1,0,0,1,30,0,1,2,2,36,34,0,0,0,0,0,1,F,0,0,0,0,0,0,0,0,0,0,0,0,0,0,3.314,3.801,2,111.0,BW,NCTL,D,0,0,0,5,-1,0.9999990000010001,0.6526315720775624,0,1,0,2,-0.15386254681735645,-5,1,-0.9999990000010001,0.34736841739612195,0,-1,-1,3,1.1255345919999402,0,1
70,2023-wimbledon-1301,Carlos Alcaraz,Nicolas Jarry,0:51:10,2,2,71,1,0,0,1,30,15,1,1,2,36,35,0,0,0,0,0,0,0,0,0,1,0,0,0,0,0,0,0,0,0,0,0,35.48,40.171,12,118.0,BC,NCTL,D,0,0,1,5,-1,0.0,0.6526315720775624,-2,1,-1,1,-0.9727828537329903,-5,1,0.0,0.34736841739612195,0,-1,-1,3,0.1334442469859093,0,1
71,2023-wimbledon-1301,Carlos Alcaraz,Nicolas Jarry,0:51:54,2,2,72,1,0,0,1,30,30,1,1,1,37,35,0,0,1,0,1,0,0,0,0,0,0,0,0,0,0,0,0,0,0,0,0,0.824,1.682,1,126.0,C,NCTL,,1,0,0,5,0,0.0,0.6526315720775624,-2,1,-1,2,-0.19036981811208942,-5,0,0.0,0.34736841739612195,0,-1,-1,3,0.24683773666732978,1,1
72,2023-wimbledon-1301,Carlos Alcaraz,Nicolas Jarry,0:52:21,2,2,73,1,0,0,1,40,30,1,2,2,37,36,0,0,0,0,0,0,0,0,0,1,0,0,0,0,0,0,0,0,0,0,0,11.674,13.243,2,97.0,W,CTL,ND,0,0,0,5,0,0.0,0.6526315720775624,-4,1,-2,2,-1.578151940983132,-5,0,0.0,0.34736841739612195,0,-1,0,3,0.3920151750578743,0,1
73,2023-wimbledon-1301,Carlos Alcaraz,Nicolas Jarry,0:53:06,2,2,74,1,0,0,1,40,40,1,2,2,37,37,0,0,0,0,0,0,0,0,0,1,0,0,0,0,0,0,0,0,0,0,0,7.494,9.222,2,105.0,BC,NCTL,D,0,0,0,5,1,0.0,0.6526315720775624,-4,1,-3,2,-1.7858041748311604,-5,-1,0.0,0.34736841739612195,0,-1,0,2,-0.10868841605225799,0,1
74,2023-wimbledon-1301,Carlos Alcaraz,Nicolas Jarry,0:54:11,2,2,75,1,0,0,1,40,AD,1,1,2,37,38,2,0,0,0,0,0,0,0,0,0,0,0,0,0,0,0,1,0,1,0,0,8.235,10.59,2,129.0,B,NCTL,ND,0,0,0,5,2,-0.9999990000010001,0.6526315720775624,-4,1,-3,2,-1.3475591569072607,-5,-2,0.9999990000010001,0.34736841739612195,0,-1,0,1,-1.3780900202186381,0,1
75,2023-wimbledon-1301,Carlos Alcaraz,Nicolas Jarry,0:54:56,2,3,76,1,0,0,2,0,0,2,1,2,37,39,0,0,0,0,0,0,0,0,0,0,0,0,0,0,0,0,0,0,0,0,0,8.125,7.455,1,126.0,C,CTL,D,0,0,0,4,2,-0.9999990000010001,0.6526315720775624,-4,-1,-3,2,-2.834304979801364,-4,-2,0.9999990000010001,0.34736841739612195,0,1,0,1,0.10865580267546537,0,1
76,2023-wimbledon-1301,Carlos Alcaraz,Nicolas Jarry,0:55:20,2,3,77,1,0,0,2,0,15,2,1,2,37,40,0,0,0,0,0,0,0,0,0,0,0,0,0,0,0,0,0,0,0,0,0,9.712,11.06,1,128.0,W,CTL,ND,0,0,0,4,2,-0.9999990000010001,0.6526315720775624,-4,-1,-3,2,-2.834304979801364,-4,-2,0.9999990000010001,0.34736841739612195,0,1,0,1,0.10865580267546537,0,1
77,2023-wimbledon-1301,Carlos Alcaraz,Nicolas Jarry,0:55:50,2,3,78,1,0,0,2,0,30,2,1,2,37,41,0,0,0,0,0,1,F,0,0,0,0,0,0,0,0,0,0,0,0,0,0,10.788,5.077,3,108.0,BW,NCTL,D,0,0,0,4,1,-0.9999990000010001,0.6526315720775624,-6,-1,-3,1,-4.244864466037761,-4,-1,0.9999990000010001,0.34736841739612195,0,1,0,2,0.4872624151189556,0,1
78,2023-wimbledon-1301,Carlos Alcaraz,Nicolas Jarry,0:57:08,2,3,79,1,0,0,2,0,40,2,2,2,37,42,2,0,0,0,0,0,0,0,0,1,0,0,0,0,0,0,0,0,0,0,0,33.044,35.246,7,101.0,W,CTL,D,0,0,1,4,1,-0.9999990000010001,0.6526315720775624,-8,-1,-4,1,-5.624038420915929,-4,-1,0.9999990000010001,0.34736841739612195,0,1,0,2,0.4872624151189556,0,1
79,2023-wimbledon-1301,Carlos Alcaraz,Nicolas Jarry,0:59:22,2,4,80,1,0,0,3,0,0,1,2,2,37,43,0,0,0,0,0,0,0,0,0,0,0,0,0,0,0,0,0,0,0,0,0,54.924,44.017,10,106.0,B,NCTL,D,0,0,1,3,1,-0.9999990000010001,0.6526315720775624,-8,1,-4,1,-4.166840795570674,-3,-1,0.9999990000010001,0.34736841739612195,0,-1,0,1,-1.4862061506550677,0,1
80,2023-wimbledon-1301,Carlos Alcaraz,Nicolas Jarry,1:00:17,2,4,81,1,0,0,3,0,15,1,1,1,38,43,0,0,0,0,0,0,0,0,0,0,0,0,0,0,0,0,0,0,0,0,0,6.013,9.173,1,111.0,C,NCTL,ND,0,0,0,3,1,-0.9999990000010001,0.6526315720775624,-6,1,-3,1,-1.6891463504420579,-3,-1,0.9999990000010001,0.34736841739612195,0,-1,0,1,-1.6183449468468913,1,1
81,2023-wimbledon-1301,Carlos Alcaraz,Nicolas Jarry,1:00:41,2,4,82,1,0,0,3,15,15,1,1,1,39,43,0,0,1,0,1,0,0,0,0,0,0,0,0,0,0,0,0,0,0,0,0,0.761,0.939,1,110.0,W,CTL,,1,0,0,3,1,-0.9999990000010001,0.6526315720775624,-6,1,-3,1,-1.0612832387670132,-3,-1,0.9999990000010001,0.34736841739612195,0,-1,0,1,-1.7041603899606157,1,1
82,2023-wimbledon-1301,Carlos Alcaraz,Nicolas Jarry,1:01:21,2,4,83,1,0,0,3,30,15,1,1,2,39,44,0,0,0,0,0,0,0,0,0,0,0,0,0,0,0,0,0,0,0,0,0,57.844,40.876,8,119.0,C,CTL,D,0,0,1,3,1,-0.9999990000010001,0.6526315720775624,-6,1,-2,1,-1.0746034278603265,-3,-1,0.9999990000010001,0.34736841739612195,0,-1,0,1,-1.7077845335686392,0,1
83,2023-wimbledon-1301,Carlos Alcaraz,Nicolas Jarry,1:02:05,2,4,84,1,0,0,3,30,30,1,2,2,39,45,0,0,0,0,0,1,B,0,0,0,0,0,1,0,1,0,0,0,0,0,0,12.977,15.558,4,95.0,C,NCTL,ND,0,0,1,3,1,-0.9999990000010001,0.6526315720775624,-6,1,-1,1,-1.1345715013424837,-3,-1,0.9999990000010001,0.34736841739612195,0,-1,0,2,-1.36268293080225,0,1
84,2023-wimbledon-1301,Carlos Alcaraz,Nicolas Jarry,1:02:54,2,4,85,1,0,0,3,30,40,1,2,1,40,45,0,0,0,0,0,0,0,0,0,0,1,0,0,0,0,0,1,0,0,0,1,9.419,12.316,3,95.0,B,NCTL,ND,0,0,0,3,1,0.9999990000010001,0.6526315720775624,-4,1,-1,1,-1.3325335107634722,-3,-1,-0.9999990000010001,0.34736841739612195,0,-1,-1,2,-0.19195796945802868,1,1
85,2023-wimbledon-1301,Carlos Alcaraz,Nicolas Jarry,1:03:50,2,4,86,1,0,0,3,40,40,1,1,1,41,45,0,0,0,0,0,0,0,0,0,0,1,0,0,0,0,0,0,0,0,0,0,14.306,18.004,3,102.0,BW,CTL,ND,0,0,0,3,1,0.9999990000010001,0.6526315720775624,-2,1,-1,1,-0.33784508410485387,-3,-1,-0.9999990000010001,0.34736841739612195,0,-1,-2,2,-0.7310514691839004,1,1
86,2023-wimbledon-1301,Carlos Alcaraz,Nicolas Jarry,1:04:21,2,4,87,1,0,0,3,AD,40,1,2,1,42,45,1,0,0,0,0,0,0,0,0,0,0,0,0,0,0,0,0,0,0,0,0,46.74,38.948,11,120.0,B,NCTL,D,0,1,0,3,1,0.9999990000010001,0.6526315720775624,0,1,-1,1,0.41928741335334696,-3,-1,-0.9999990000010001,0.34736841739612195,0,-1,-2,2,-0.8629861359509826,1,1
87,2023-wimbledon-1301,Carlos Alcaraz,Nicolas Jarry,1:05:38,2,5,88,1,0,1,3,0,0,2,1,2,42,46,0,0,0,0,0,1,F,0,0,0,0,0,0,0,0,0,0,0,0,0,0,31.199,15.177,5,113.0,W,CTL,D,0,0,1,4,1,0.9999990000010001,0.6526315720775624,0,-1,-1,1,-1.3078608407329824,-4,-1,-0.9999990000010001,0.34736841739612195,0,1,-2,2,0.8275034468521045,0,1
88,2023-wimbledon-1301,Carlos Alcaraz,Nicolas Jarry,1:06:16,2,5,89,1,0,1,3,0,15,2,1,2,42,47,0,0,0,0,0,0,0,0,0,0,0,0,1,0,1,0,0,0,0,0,0,11.273,7.428,1,128.0,W,NCTL,D,0,0,0,4,1,0.9999990000010001,0.6526315720775624,0,-1,0,1,-1.2194994536931303,-4,-1,-0.9999990000010001,0.34736841739612195,0,1,-2,2,0.9748079658849234,0,1
89,2023-wimbledon-1301,Carlos Alcaraz,Nicolas Jarry,1:06:46,2,5,90,1,0,1,3,0,30,2,2,1,43,47,0,0,0,0,1,0,B,0,0,0,0,0,1,0,0,0,0,0,0,0,0,22.467,16.135,6,111.0,C,NCTL,ND,0,1,0,4,1,0.9999990000010001,0.6526315720775624,2,-1,0,2,-0.06690110049683518,-4,-1,-0.9999990000010001,0.34736841739612195,0,1,-2,2,0.8906112404873407,1,1
90,2023-wimbledon-1301,Carlos Alcaraz,Nicolas Jarry,1:07:42,2,5,91,1,0,1,3,15,30,2,1,1,44,47,0,0,0,0,0,0,0,0,0,0,1,0,0,0,0,0,0,0,0,0,0,36.689,27.317,8,131.0,BW,NCTL,D,0,1,0,4,1,0.9999990000010001,0.6526315720775624,2,-1,0,2,-0.06690110049683518,-4,-1,-0.9999990000010001,0.34736841739612195,0,1,-3,2,0.6658648855478664,1,1
91,2023-wimbledon-1301,Carlos Alcaraz,Nicolas Jarry,1:08:26,2,5,92,1,0,1,3,30,30,2,1,1,45,47,0,0,0,0,0,0,0,0,0,0,1,0,0,0,0,0,0,0,0,0,0,39.829,32.608,10,134.0,C,NCTL,D,0,1,0,4,0,0.9999990000010001,0.6526315720775624,2,-1,0,1,-0.6919859020240402,-4,0,-0.9999990000010001,0.34736841739612195,0,1,-4,2,0.7672705271508631,1,1
92,2023-wimbledon-1301,Carlos Alcaraz,Nicolas Jarry,1:09:19,2,5,93,1,0,1,3,40,30,2,1,2,45,48,0,0,0,0,0,0,0,0,0,0,0,0,1,0,1,1,0,0,0,1,0,30.783,24.947,5,123.0,B,NCTL,ND,0,0,1,4,0,0.0,0.6526315720775624,2,-1,0,1,-0.3901851404853134,-4,0,0.0,0.34736841739612195,0,1,-4,2,0.46546976561213604,0,1
93,2023-wimbledon-1301,Carlos Alcaraz,Nicolas Jarry,1:10:24,2,5,94,1,0,1,3,40,40,2,2,1,46,48,0,0,0,0,0,0,0,0,0,0,0,0,0,0,0,0,0,0,0,0,0,39.903,38.624,10,107.0,C,NCTL,ND,0,1,0,4,0,0.0,0.6526315720775624,4,-1,0,1,0.24435026517653125,-4,0,0.0,0.34736841739612195,0,1,-4,1,0.10377916101194895,1,1
94,2023-wimbledon-1301,Carlos Alcaraz,Nicolas Jarry,1:11:30,2,5,95,1,0,1,3,AD,40,2,1,2,46,49,0,0,0,0,0,0,0,0,0,0,0,0,1,0,1,1,0,0,0,1,0,26.961,12.75,3,118.0,W,CTL,ND,0,0,0,4,0,-0.99999950000025,0.6526315720775624,2,-1,0,1,-0.4739376736524123,-4,0,0.99999950000025,0.34736841739612195,0,1,-3,1,0.2452945550925037,0,1
95,2023-wimbledon-1301,Carlos Alcaraz,Nicolas Jarry,1:12:08,2,5,96,1,0,1,3,40,40,2,1,2,46,50,0,0,0,0,0,0,0,0,0,0,0,0,0,0,0,0,0,0,0,0,0,6.211,4.663,1,131.0,C,NCTL,ND,0,0,0,4,0,-0.99999950000025,0.6526315720775624,0,-1,0,1,-1.208096337031554,-4,0,0.99999950000025,0.34736841739612195,0,1,-2,1,0.5611206527539898,0,1
96,2023-wimbledon-1301,Carlos Alcaraz,Nicolas Jarry,1:12:37,2,5,97,1,0,1,3,40,AD,2,1,2,46,51,2,0,0,0,0,1,F,0,0,0,0,0,1,0,1,0,0,0,0,0,0,20.629,16.426,5,129.0,BW,NCTL,,0,0,1,4,0,-0.99999950000025,0.6526315720775624,-2,-1,0,1,-1.8651746467735473,-4,0,0.99999950000025,0.34736841739612195,0,1,-2,2,0.9764068122019207,0,1
97,2023-wimbledon-1301,Carlos Alcaraz,Nicolas Jarry,1:14:48,2,6,98,1,0,1,4,0,0,1,2,2,46,52,0,0,0,0,0,0,0,0,0,0,0,0,0,0,0,0,0,0,0,0,0,6.367,14.617,2,115.0,C,NCTL,ND,0,0,0,3,0,-0.99999950000025,0.6526315720775624,-2,1,0,1,-0.2800598118771982,-3,0,0.99999950000025,0.34736841739612195,0,-1,-2,1,-0.9624037892058842,0,1
98,2023-wimbledon-1301,Carlos Alcaraz,Nicolas Jarry,1:15:27,2,6,99,1,0,1,4,0,15,1,1,1,47,52,0,0,0,0,0,0,0,0,0,0,0,0,0,0,0,0,0,0,0,0,0,4.716,6.076,1,109.0,C,NCTL,ND,0,0,0,3,0,-0.99999950000025,0.6526315720775624,0,1,0,1,0.43650831330949413,-3,0,0.99999950000025,0.34736841739612195,0,-1,-2,1,-1.060531549773819,1,1
99,2023-wimbledon-1301,Carlos Alcaraz,Nicolas Jarry,1:15:55,2,6,100,1,0,1,4,15,15,1,2,2,47,53,0,0,0,0,0,0,0,0,0,1,0,0,0,0,0,0,0,0,0,0,0,5.607,6.246,2,91.0,C,NCTL,ND,0,0,0,3,0,-0.99999950000025,0.6526315720775624,-2,1,-1,0,-0.8425038187117723,-3,0,0.99999950000025,0.34736841739612195,0,-1,-2,1,-1.0155941322379234,0,1
100,2023-wimbledon-1301,Carlos Alcaraz,Nicolas Jarry,1:16:53,2,6,101,1,0,1,4,15,30,1,1,1,48,53,0,0,0,0,0,0,0,0,0,0,0,0,0,0,0,0,0,0,0,0,0,2.576,4.202,1,126.0,W,NCTL,ND,0,0,0,3,0,-0.99999950000025,0.6526315720775624,-2,1,-1,0,-0.6467103017482674,-3,0,0.99999950000025,0.34736841739612195,0,-1,-1,1,-0.9286770368171582,1,1
101,2023-wimbledon-1301,Carlos Alcaraz,Nicolas Jarry,1:17:22,2,6,102,1,0,1,4,30,30,1,1,1,49,53,0,0,0,0,0,0,0,0,0,0,0,0,0,0,0,0,0,0,0,0,0,12.352,19.512,1,108.0,B,NCTL,D,0,0,0,3,0,-0.99999950000025,0.6526315720775624,-2,1,-1,0,-0.4779165482241149,-3,0,0.99999950000025,0.34736841739612195,0,-1,0,1,-0.8237350374477987,1,1
102,2023-wimbledon-1301,Carlos Alcaraz,Nicolas Jarry,1:17:48,2,6,103,1,0,1,4,40,30,1,1,2,49,54,0,0,0,0,0,1,F,0,0,0,0,0,0,0,0,0,0,0,0,0,0,29.38,47.896,10,97.0,W,NCTL,D,0,0,1,3,0,-0.9999990000010001,0.6526315720775624,-2,1,-1,0,-0.6266024067109686,-3,0,0.9999990000010001,0.34736841739612195,0,-1,0,2,-0.4440913412079598,0,1
103,2023-wimbledon-1301,Carlos Alcaraz,Nicolas Jarry,1:18:30,2,6,104,1,0,1,4,40,40,1,1,1,50,54,0,0,0,0,1,0,B,0,0,0,0,1,0,1,0,0,0,0,0,0,0,7.675,16.449,3,127.0,C,NCTL,,0,0,0,3,0,-0.9999990000010001,0.6526315720775624,-2,1,-1,1,-0.17729242929716854,-3,0,0.9999990000010001,0.34736841739612195,0,-1,0,2,-0.47188623450513123,1,1
104,2023-wimbledon-1301,Carlos Alcaraz,Nicolas Jarry,1:19:01,2,6,105,1,0,1,4,AD,40,1,2,1,51,54,1,0,0,0,1,0,0,0,0,0,0,0,0,0,0,0,0,0,0,0,0,0.75,1.157,1,121.0,C,NCTL,,0,0,0,3,0,0.0,0.6526315720775624,0,1,-1,2,0.5700829974901321,-3,0,0.0,0.34736841739612195,0,-1,0,2,-0.28760540553391933,1,1
105,2023-wimbledon-1301,Carlos Alcaraz,Nicolas Jarry,1:19:57,2,7,106,1,0,2,4,0,0,2,1,1,52,54,0,0,0,0,0,0,0,0,0,0,1,0,0,0,0,0,0,0,0,0,0,17.854,13.776,4,118.0,BC,NCTL,D,0,1,0,4,0,0.0,0.6526315720775624,2,-1,-1,2,-0.2916606538730835,-4,0,0.0,0.34736841739612195,0,1,-1,2,1.2358474263894412,1,1
106,2023-wimbledon-1301,Carlos Alcaraz,Nicolas Jarry,1:20:31,2,7,107,1,0,2,4,15,0,2,1,2,52,55,0,0,0,0,0,0,0,0,0,1,0,0,0,0,0,0,0,0,0,0,0,17.377,13.994,3,128.0,W,NCTL,D,0,0,0,4,0,0.0,0.6526315720775624,2,-1,-2,2,-0.7190683896038254,-4,0,0.0,0.34736841739612195,0,1,-1,1,0.804955491426691,0,1
107,2023-wimbledon-1301,Carlos Alcaraz,Nicolas Jarry,1:21:06,2,7,108,1,0,2,4,15,15,2,1,2,52,56,0,0,0,0,0,0,0,0,0,1,0,0,0,0,0,0,0,0,0,0,0,14.452,17.608,3,132.0,C,NCTL,D,0,0,0,4,0,0.0,0.6526315720775624,2,-1,-3,2,-1.2533902718765648,-4,0,0.0,0.34736841739612195,0,1,-1,1,0.7603107932399858,0,1
108,2023-wimbledon-1301,Carlos Alcaraz,Nicolas Jarry,1:21:41,2,7,109,1,0,2,4,15,30,2,1,2,52,57,0,0,0,0,0,1,F,0,0,0,0,0,1,0,1,0,0,0,0,0,0,13.127,10.798,3,125.0,W,CTL,,0,0,0,4,0,0.0,0.6526315720775624,0,-1,-3,2,-1.8978932059819607,-4,0,0.0,0.34736841739612195,0,1,-1,2,1.0747922709206161,0,1
109,2023-wimbledon-1301,Carlos Alcaraz,Nicolas Jarry,1:22:15,2,7,110,1,0,2,4,15,40,2,1,1,53,57,0,0,0,0,0,0,0,0,0,0,0,0,0,0,0,0,0,0,0,0,0,40.298,14.758,2,108.0,W,NCTL,ND,0,0,0,4,0,0.0,0.6526315720775624,2,-1,-2,2,-1.0470639418961838,-4,0,0.0,0.34736841739612195,0,1,-1,2,1.0747922709206161,1,1
110,2023-wimbledon-1301,Carlos Alcaraz,Nicolas Jarry,1:22:46,2,7,111,1,0,2,4,30,40,2,2,1,54,57,0,0,0,0,0,0,0,0,0,0,1,0,1,0,0,0,0,0,0,0,0,50.075,39.635,8,98.0,BW,NCTL,ND,0,1,0,4,0,0.0,0.6526315720775624,2,-1,-2,2,-0.7759295967858414,-4,0,0.0,0.34736841739612195,0,1,-2,2,0.8806186144851271,1,1
111,2023-wimbledon-1301,Carlos Alcaraz,Nicolas Jarry,1:23:58,2,7,112,1,0,2,4,40,40,2,2,1,55,57,0,0,0,0,0,0,0,0,0,0,1,0,0,0,0,0,0,0,0,0,0,33.142,28.309,8,115.0,BC,NCTL,D,0,1,0,4,0,0.0,0.6526315720775624,2,-1,-2,2,-0.7759295967858414,-4,0,0.0,0.34736841739612195,0,1,-3,2,0.6076479693984377,1,1
112,2023-wimbledon-1301,Carlos Alcaraz,Nicolas Jarry,1:25:01,2,7,113,1,0,2,4,AD,40,2,1,2,55,58,0,0,0,0,0,0,0,0,0,0,0,0,0,0,0,1,0,0,0,1,0,11.436,5.977,1,120.0,C,CTL,ND,0,0,0,4,0,-0.9999990000010001,0.6526315720775624,2,-1,-2,2,-0.8362250366510243,-4,0,0.9999990000010001,0.34736841739612195,0,1,-3,1,-0.0005618790125137552,0,1
113,2023-wimbledon-1301,Carlos Alcaraz,Nicolas Jarry,1:25:32,2,7,114,1,0,2,4,40,40,2,1,2,55,59,0,0,0,0,0,1,F,0,0,0,0,0,1,0,1,0,0,0,0,0,0,32.537,26.376,7,130.0,C,NCTL,D,0,0,1,4,0,-0.9999990000010001,0.6526315720775624,0,-1,-2,1,-1.7026799593763722,-4,0,0.9999990000010001,0.34736841739612195,0,1,-3,2,0.3466766813089378,0,1
114,2023-wimbledon-1301,Carlos Alcaraz,Nicolas Jarry,1:26:17,2,7,115,1,0,2,4,40,AD,2,1,1,56,59,0,0,0,0,0,0,0,0,0,0,1,0,1,0,0,0,0,0,0,0,0,15.161,12.446,4,124.0,BW,NCTL,D,0,1,0,4,0,-0.9999990000010001,0.6526315720775624,0,-1,-2,0,-1.6547467977626389,-4,0,0.9999990000010001,0.34736841739612195,0,1,-4,2,0.0866039230420288,1,1
115,2023-wimbledon-1301,Carlos Alcaraz,Nicolas Jarry,1:26:59,2,7,116,1,0,2,4,40,40,2,2,1,57,59,0,0,0,0,0,0,0,0,0,0,0,0,1,0,0,0,0,0,0,0,0,26.033,22.001,6,113.0,B,CTL,ND,0,1,0,4,0,-0.9999990000010001,0.6526315720775624,0,-1,-2,0,-1.3183027325559207,-4,0,0.9999990000010001,0.34736841739612195,0,1,-3,2,0.30253005064480276,1,1
116,2023-wimbledon-1301,Carlos Alcaraz,Nicolas Jarry,1:28:28,2,7,117,1,0,2,4,AD,40,2,1,1,58,59,1,0,0,0,0,0,0,0,0,0,1,0,0,0,0,1,0,1,0,0,0,9.834,6.693,2,130.0,BW,NCTL,ND,0,0,0,4,0,0.0,0.6526315720775624,2,-1,-1,0,-0.5942240990733776,-4,0,0.0,0.34736841739612195,0,1,-4,2,0.46929839975956944,1,1
117,2023-wimbledon-1301,Carlos Alcaraz,Nicolas Jarry,1:30:29,2,8,118,1,0,3,4,0,0,1,1,1,59,59,0,0,0,0,0,0,0,0,0,0,0,0,0,0,0,0,0,0,0,0,0,2.388,3.901,1,109.0,W,CTL,ND,0,0,0,5,0,0.0,0.6526315720775624,4,1,0,0,1.8882655715493706,-5,0,0.0,0.34736841739612195,0,-1,-4,2,-1.1172423713144861,1,1
118,2023-wimbledon-1301,Carlos Alcaraz,Nicolas Jarry,1:30:48,2,8,119,1,0,3,4,15,0,1,2,1,60,59,0,0,0,0,0,0,0,0,0,0,0,0,0,0,0,0,0,0,0,0,0,3.157,3.993,1,91.0,BW,NCTL,D,0,0,0,5,0,0.0,0.6526315720775624,6,1,0,0,2.6387367029823627,-5,0,0.0,0.34736841739612195,0,-1,-4,1,-1.216481284519049,1,1
119,2023-wimbledon-1301,Carlos Alcaraz,Nicolas Jarry,1:31:21,2,8,120,1,0,3,4,30,0,1,2,1,61,59,0,0,0,0,0,0,0,0,0,0,1,0,1,0,0,0,0,0,0,0,0,9.182,15.422,3,100.0,B,NCTL,D,0,0,0,5,0,0.0,0.6526315720775624,6,1,0,0,2.6387367029823627,-5,0,0.0,0.34736841739612195,0,-1,-5,1,-1.3538266521905193,1,1
120,2023-wimbledon-1301,Carlos Alcaraz,Nicolas Jarry,1:31:59,2,8,121,1,0,3,4,40,0,1,1,1,62,59,1,0,0,0,1,0,F,0,0,0,0,0,0,0,0,0,0,0,0,0,0,9.346,12.581,3,113.0,C,CTL,ND,0,0,0,5,0,0.0,0.6526315720775624,6,1,0,1,2.760636617310096,-5,0,0.0,0.34736841739612195,0,-1,-4,1,-1.198147462482458,1,1
121,2023-wimbledon-1301,Carlos Alcaraz,Nicolas Jarry,1:32:45,2,9,122,1,0,4,4,0,0,2,1,1,63,59,0,0,0,0,0,0,0,0,0,0,0,0,0,0,0,0,0,0,0,0,0,8.636,7.568,2,130.0,BC,NCTL,D,0,0,0,6,0,0.0,0.6526315720775624,6,-1,0,1,1.2263570210281736,-6,0,0.0,0.34736841739612195,0,1,-3,1,0.6071004626901534,1,1
122,2023-wimbledon-1301,Carlos Alcaraz,Nicolas Jarry,1:33:11,2,9,123,1,0,4,4,15,0,2,1,2,63,60,0,0,0,1,0,1,0,0,0,0,0,0,0,0,0,0,0,0,0,0,0,1.547,1.046,1,125.0,C,NCTL,,1,0,0,6,-1,0.9999990000010001,0.6526315720775624,6,-1,0,1,0.044395841105272615,-6,1,-0.9999990000010001,0.34736841739612195,0,1,-3,2,1.6050531719741525,0,1
123,2023-wimbledon-1301,Carlos Alcaraz,Nicolas Jarry,1:33:37,2,9,124,1,0,4,4,15,15,2,2,2,63,61,0,0,0,0,0,0,0,0,0,0,0,0,0,0,0,0,0,0,0,0,0,4.077,3.731,1,106.0,C,NCTL,ND,0,0,0,6,-1,0.9999990000010001,0.6526315720775624,6,-1,0,1,-0.22755750723759674,-6,1,-0.9999990000010001,0.34736841739612195,0,1,-3,1,1.5140554684179541,0,1
124,2023-wimbledon-1301,Carlos Alcaraz,Nicolas Jarry,1:34:16,2,9,125,1,0,4,4,15,30,2,1,2,63,62,0,0,0,1,0,1,0,0,0,0,0,0,0,0,0,0,0,0,0,0,0,7.731,4.601,1,123.0,C,NCTL,D,1,0,0,6,-2,0.9999990000010001,0.6526315720775624,4,-1,0,1,-1.5616974738392977,-6,2,-0.9999990000010001,0.34736841739612195,0,1,-2,2,2.4490174369383046,0,1
125,2023-wimbledon-1301,Carlos Alcaraz,Nicolas Jarry,1:34:42,2,9,126,1,0,4,4,15,40,2,1,2,63,63,2,0,0,0,0,0,0,0,0,0,0,0,0,0,0,0,0,0,0,0,0,30.357,15.027,3,126.0,C,NCTL,D,0,0,0,6,-2,0.9999990000010001,0.6526315720775624,2,-1,0,1,-2.260776338182542,-6,2,-0.9999990000010001,0.34736841739612195,0,1,-2,2,2.4801393322477043,0,1
126,2023-wimbledon-1301,Carlos Alcaraz,Nicolas Jarry,1:36:28,2,10,127,1,0,4,5,0,0,1,1,1,64,63,0,0,0,0,0,0,0,0,0,0,0,0,0,0,0,0,0,0,0,0,0,5.517,10.031,1,127.0,C,NCTL,D,0,0,0,5,-2,0.0,0.6526315720775624,2,1,0,1,-0.010380739602966704,-5,2,0.0,0.34736841739612195,0,-1,-1,2,0.47434078204893204,1,1
127,2023-wimbledon-1301,Carlos Alcaraz,Nicolas Jarry,1:36:57,2,10,128,1,0,4,5,15,0,1,2,2,64,64,0,0,0,0,0,0,0,0,0,0,0,0,0,0,0,0,0,0,0,0,0,18.229,36.142,6,119.0,BC,NCTL,D,0,0,1,5,-2,0.0,0.6526315720775624,0,1,0,1,-0.838058548422438,-5,2,0.0,0.34736841739612195,0,-1,-1,2,0.5589760226483254,0,1
128,2023-wimbledon-1301,Carlos Alcaraz,Nicolas Jarry,1:38:01,2,10,129,1,0,4,5,15,15,1,2,1,65,64,0,0,0,0,0,0,0,0,0,0,1,0,0,0,0,0,0,0,0,0,0,2.83,3.42,1,91.0,C,NCTL,ND,0,0,0,5,-2,0.0,0.6526315720775624,0,1,0,1,-0.5844764081408794,-5,2,0.0,0.34736841739612195,0,-1,-2,2,0.21877869542159673,1,1
129,2023-wimbledon-1301,Carlos Alcaraz,Nicolas Jarry,1:38:43,2,10,130,1,0,4,5,30,15,1,1,1,66,64,0,0,0,0,0,0,0,0,0,0,0,0,0,0,0,0,0,0,0,0,0,32.24,55.37,7,115.0,BC,NCTL,ND,0,1,0,5,-2,0.0,0.6526315720775624,0,1,0,1,-0.3801545615660903,-5,2,0.0,0.34736841739612195,0,-1,-1,2,0.28413549124555926,1,1
130,2023-wimbledon-1301,Carlos Alcaraz,Nicolas Jarry,1:39:23,2,10,131,1,0,4,5,40,15,1,1,2,66,65,0,0,0,0,0,0,0,0,0,0,0,0,0,0,0,0,0,0,0,0,0,9.467,13.062,2,114.0,BW,NCTL,,0,0,0,5,-2,0.0,0.6526315720775624,-2,1,0,0,-1.294920378513471,-5,2,0.0,0.34736841739612195,0,-1,-1,2,0.3253387581836027,0,1
131,2023-wimbledon-1301,Carlos Alcaraz,Nicolas Jarry,1:39:56,2,10,132,1,0,4,5,40,30,1,1,1,67,65,1,0,0,0,0,0,0,0,0,0,0,0,0,0,0,0,0,0,0,0,0,18.941,24.158,5,119.0,C,NCTL,ND,0,1,0,5,-2,0.0,0.6526315720775624,-2,1,0,0,-1.0281938506291364,-5,2,0.0,0.34736841739612195,0,-1,-1,2,0.14955370824470746,1,1
132,2023-wimbledon-1301,Carlos Alcaraz,Nicolas Jarry,1:40:44,2,11,133,1,0,5,5,0,0,2,1,2,67,66,0,0,0,1,0,1,0,0,0,0,0,0,0,0,0,0,0,0,0,0,0,1.087,0.648,1,111.0,W,CTL,,1,0,0,6,-2,0.0,0.6526315720775624,-2,-1,0,0,-2.7188576807806735,-6,2,0.0,0.34736841739612195,0,1,-1,2,1.82295513493493,0,1
133,2023-wimbledon-1301,Carlos Alcaraz,Nicolas Jarry,1:41:10,2,11,134,1,0,5,5,0,15,2,1,2,67,67,0,0,0,0,0,0,0,0,0,0,0,0,0,0,0,0,0,0,0,0,0,7.276,4.743,1,132.0,B,CTL,D,0,0,0,6,-2,0.0,0.6526315720775624,-2,-1,0,0,-2.7325262716610697,-6,2,0.0,0.34736841739612195,0,1,-1,2,1.8190453092578394,0,1
134,2023-wimbledon-1301,Carlos Alcaraz,Nicolas Jarry,1:41:39,2,11,135,1,0,5,5,0,30,2,2,1,68,67,0,0,0,0,0,0,0,0,0,0,1,0,0,0,0,0,0,0,0,0,0,10.946,8.844,2,105.0,C,NCTL,D,0,0,0,6,-1,0.0,0.6526315720775624,0,-1,0,0,-1.52880039952151,-6,1,0.0,0.34736841739612195,0,1,-2,1,0.9296436853557793,1,1
135,2023-wimbledon-1301,Carlos Alcaraz,Nicolas Jarry,1:42:22,2,11,136,1,0,5,5,15,30,2,1,2,68,68,0,0,0,0,0,0,0,0,0,0,0,0,0,0,0,0,0,0,0,0,0,28.855,13.468,3,132.0,BW,CTL,ND,0,0,0,6,-1,0.0,0.6526315720775624,0,-1,0,0,-1.5581401074896581,-6,1,0.0,0.34736841739612195,0,1,-2,1,0.9337470745307228,0,1
136,2023-wimbledon-1301,Carlos Alcaraz,Nicolas Jarry,1:43:15,2,11,137,1,0,5,5,15,40,2,2,2,68,69,2,0,0,0,0,0,0,0,0,0,0,0,0,0,0,0,0,0,0,0,0,4.713,5.199,1,100.0,BC,NCTL,D,0,0,0,6,-1,0.0,0.6526315720775624,-2,-1,0,0,-2.184694221219778,-6,1,0.0,0.34736841739612195,0,1,-2,1,0.9270171357426791,0,1
137,2023-wimbledon-1301,Carlos Alcaraz,Nicolas Jarry,1:45:24,2,12,138,1,0,5,6,0,0,1,1,1,69,69,0,0,1,0,1,0,0,0,0,0,0,0,0,0,0,0,0,0,0,0,0,7.323,7.217,1,129.0,C,NCTL,D,1,0,0,5,0,0.0,0.6526315720775624,0,1,0,1,0.6697951299977776,-5,0,0.0,0.34736841739612195,0,-1,-2,1,-1.14739089263955,1,1
138,2023-wimbledon-1301,Carlos Alcaraz,Nicolas Jarry,1:45:59,2,12,139,1,0,5,6,15,0,1,2,1,70,69,0,0,0,0,0,0,0,0,0,0,0,0,0,0,0,0,0,0,0,0,0,1.865,3.688,1,98.0,BW,NCTL,ND,0,0,0,5,0,0.0,0.6526315720775624,0,1,0,1,0.7031992312379216,-5,0,0.0,0.34736841739612195,0,-1,-1,1,-0.9055631871127527,1,1
139,2023-wimbledon-1301,Carlos Alcaraz,Nicolas Jarry,1:46:38,2,12,140,1,0,5,6,30,0,1,2,1,71,69,0,0,0,0,0,0,0,0,0,0,0,0,0,0,0,0,0,0,0,0,0,1.945,2.386,1,122.0,BC,NCTL,ND,0,0,0,5,0,0.0,0.6526315720775624,0,1,0,1,0.7352204720181981,-5,0,0.0,0.34736841739612195,0,-1,-1,1,-0.9037099620352206,1,1
140,2023-wimbledon-1301,Carlos Alcaraz,Nicolas Jarry,1:47:17,2,12,141,1,0,5,6,40,0,1,1,1,72,69,1,0,0,0,0,0,0,0,0,0,0,0,1,0,0,0,0,0,0,0,0,18.845,42.672,3,129.0,BC,NCTL,ND,0,0,0,5,0,0.0,0.6526315720775624,2,1,0,1,1.360287269136797,-5,0,0.0,0.34736841739612195,0,-1,-1,1,-0.89459622433148,1,1
141,2023-wimbledon-1301,Carlos Alcaraz,Nicolas Jarry,1:48:12,2,13,142,1,0,6,6,0,0,2,1,2,72,70,0,0,0,0,0,0,0,0,0,0,0,0,0,0,0,0,0,0,0,0,0,68.799,52.441,15,128.0,C,NCTL,ND,0,0,1,6,0,0.0,0.6526315720775624,0,-1,0,1,-0.914173842416999,-6,0,0.0,0.34736841739612195,0,1,-1,1,0.7256775344729871,0,1
142,2023-wimbledon-1301,Carlos Alcaraz,Nicolas Jarry,1:49:11,2,13,143,1,0,6,6,0,1,1,1,1,73,70,0,0,0,0,0,0,0,0,0,0,0,0,0,0,0,0,0,0,0,0,0,5.871,5.357,1,127.0,B,NCTL,D,0,0,0,6,1,0.0,0.6526315720775624,2,1,0,1,1.7594001403421269,-6,-1,0.0,0.34736841739612195,0,-1,-1,0,-1.4557242747967134,1,1
143,2023-wimbledon-1301,Carlos Alcaraz,Nicolas Jarry,1:49:37,2,13,144,1,0,6,6,1,1,1,2,1,74,70,0,0,0,0,0,0,0,0,0,0,0,0,0,0,0,0,0,0,0,0,0,51.185,46.792,13,100.0,BC,NCTL,ND,0,1,0,6,1,0.0,0.6526315720775624,4,1,0,1,2.3759074627760244,-6,-1,0.0,0.34736841739612195,0,-1,-1,0,-1.4325026249223736,1,1
144,2023-wimbledon-1301,Carlos Alcaraz,Nicolas Jarry,1:51:32,2,13,145,1,0,6,6,2,1,2,1,2,74,71,0,0,0,0,0,1,0,0,0,0,0,0,0,0,0,0,0,0,0,0,0,9.273,6.262,1,128.0,W,CTL,ND,0,0,0,6,1,0.0,0.6526315720775624,2,-1,0,1,0.16706975600983828,-6,-1,0.0,0.34736841739612195,0,1,0,1,0.5619400712875992,0,1
145,2023-wimbledon-1301,Carlos Alcaraz,Nicolas Jarry,1:52:03,2,13,146,1,0,6,6,2,2,2,1,2,74,72,0,0,0,1,0,1,0,0,0,0,0,0,0,0,0,0,0,0,0,0,0,4.948,4.836,1,130.0,C,CTL,,1,0,0,6,0,0.0,0.6526315720775624,2,-1,0,1,-0.35604773228872594,-6,0,0.0,0.34736841739612195,0,1,0,2,1.1537631458961513,0,1
146,2023-wimbledon-1301,Carlos Alcaraz,Nicolas Jarry,1:52:41,2,13,147,1,0,6,6,2,3,1,1,1,75,72,0,0,0,0,0,0,0,0,0,0,0,1,0,1,0,0,0,0,0,0,0,24.001,22.749,5,119.0,BC,NCTL,ND,0,1,0,6,0,0.0,0.6526315720775624,4,1,0,1,1.8469035768535305,-6,0,0.0,0.34736841739612195,0,-1,0,2,-0.4123968119279153,1,1
147,2023-wimbledon-1301,Carlos Alcaraz,Nicolas Jarry,1:53:43,2,13,148,1,0,6,6,3,3,1,1,1,76,72,0,0,0,0,0,0,0,0,0,0,0,0,0,0,0,0,0,0,0,0,0,4.91,8.583,1,111.0,W,CTL,D,0,0,0,6,-1,0.0,0.6526315720775624,4,1,0,0,1.302782241091791,-6,1,0.0,0.34736841739612195,0,-1,0,2,0.024670495959995986,1,1
148,2023-wimbledon-1301,Carlos Alcaraz,Nicolas Jarry,1:54:25,2,13,149,1,0,6,6,4,3,2,1,2,76,73,0,0,0,0,0,0,0,0,0,0,0,0,0,0,0,0,0,0,0,0,0,10.121,8.641,1,127.0,B,NCTL,D,0,0,0,6,-1,0.0,0.6526315720775624,2,-1,0,0,-0.9010569331482657,-6,1,0.0,0.34736841739612195,0,1,0,2,1.6042023410829926,0,1
149,2023-wimbledon-1301,Carlos Alcaraz,Nicolas Jarry,1:54:57,2,13,150,1,0,6,6,4,4,2,2,2,76,74,0,0,0,0,0,0,0,0,0,1,0,0,0,0,0,0,0,0,0,0,0,12.105,12.593,3,104.0,B,NCTL,D,0,0,0,6,-1,0.0,0.6526315720775624,0,-1,-1,0,-1.7953319269572865,-6,1,0.0,0.34736841739612195,0,1,0,2,1.6086115522525999,0,1
150,2023-wimbledon-1301,Carlos Alcaraz,Nicolas Jarry,1:55:53,2,13,151,1,0,6,6,4,5,1,1,1,77,74,0,0,0,0,1,0,F,0,0,0,0,0,1,0,0,0,0,0,0,0,0,19.083,27.636,5,130.0,B,CTL,ND,0,1,0,6,-1,0.0,0.6526315720775624,0,1,-1,1,-0.010444534131169025,-6,1,0.0,0.34736841739612195,0,-1,0,2,0.013261914755081372,1,1
151,2023-wimbledon-1301,Carlos Alcaraz,Nicolas Jarry,1:56:32,2,13,152,1,0,6,6,5,5,1,1,1,78,74,0,0,0,0,1,0,F,0,0,0,0,1,0,1,0,0,0,0,0,0,0,4.877,7.639,3,129.0,BC,CTL,ND,0,0,0,6,-1,0.0,0.6526315720775624,2,1,-1,2,0.8230524821392105,-6,1,0.0,0.34736841739612195,0,-1,0,2,0.03340026079101671,1,1
152,2023-wimbledon-1301,Carlos Alcaraz,Nicolas Jarry,1:57:11,2,13,153,1,0,6,6,6,5,2,1,2,78,75,0,0,0,0,0,0,0,0,0,0,0,0,1,0,1,0,0,0,0,0,0,20.076,14.846,3,129.0,W,CTL,,0,0,0,6,-1,0.0,0.6526315720775624,0,-1,-1,2,-1.3836166708436557,-6,1,0.0,0.34736841739612195,0,1,0,2,1.6118431133592255,0,1
153,2023-wimbledon-1301,Carlos Alcaraz,Nicolas Jarry,1:58:25,2,13,154,1,0,6,6,6,6,2,1,2,78,76,0,0,0,0,0,0,0,0,0,0,0,0,0,0,0,0,0,0,0,0,0,5.514,4.409,1,128.0,C,NCTL,ND,0,0,0,6,-1,0.0,0.6526315720775624,-2,-1,-1,2,-2.0465558470336225,-6,1,0.0,0.34736841739612195,0,1,0,2,1.5764149513046508,0,1
154,2023-wimbledon-1301,Carlos Alcaraz,Nicolas Jarry,1:59:04,2,13,155,1,0,6,6,6,7,1,1,2,78,77,2,2,0,0,0,0,0,0,0,0,0,0,0,0,0,0,0,0,0,0,0,28.777,19.769,4,122.0,BC,NCTL,ND,0,0,1,6,-1,0.0,0.6526315720775624,-2,1,-1,2,-0.5730663491478867,-6,1,0.0,0.34736841739612195,0,-1,0,1,-0.20723261257106368,0,1
155,2023-wimbledon-1301,Carlos Alcaraz,Nicolas Jarry,2:04:05,3,1,156,1,1,0,0,0,0,1,2,1,79,77,0,0,0,0,0,0,0,0,0,0,1,0,0,0,0,0,0,0,0,0,0,26.561,47.51,7,96.0,B,CTL,D,0,1,0,0,0,0.0,0.6526315720775624,0,1,-1,2,0.6893419613411733,0,0,0.0,0.34736841739612195,0,-1,-1,0,-1.1070727148443609,1,1
156,2023-wimbledon-1301,Carlos Alcaraz,Nicolas Jarry,2:04:50,3,1,157,1,1,0,0,15,0,1,2,2,79,78,0,0,0,0,0,0,0,0,0,0,0,0,1,0,1,0,0,0,0,0,0,17.347,25.367,4,96.0,B,NCTL,ND,0,0,1,0,0,0.0,0.6526315720775624,-2,1,-1,2,-0.08880129325508404,0,0,0.0,0.34736841739612195,0,-1,-1,0,-1.1189303876107566,0,1
157,2023-wimbledon-1301,Carlos Alcaraz,Nicolas Jarry,2:05:38,3,1,158,1,1,0,0,15,15,1,2,1,80,78,0,0,0,0,0,0,0,0,0,0,0,0,0,0,0,0,0,0,0,0,0,3.959,3.97,1,126.0,C,CTL,ND,0,0,0,0,0,0.0,0.6526315720775624,-2,1,-1,2,-0.08880129325508404,0,0,0.0,0.34736841739612195,0,-1,-1,0,-1.1189303876107566,1,1
158,2023-wimbledon-1301,Carlos Alcaraz,Nicolas Jarry,2:06:20,3,1,159,1,1,0,0,30,15,1,2,2,80,79,0,0,0,0,0,0,0,1,0,1,0,0,0,0,0,0,0,0,0,0,0,5.45,6.694,0,,B,CTL,ND,0,0,0,0,-1,0.0,0.6526315720775624,-2,1,-2,2,-0.9092539672757326,0,1,0.0,0.34736841739612195,0,-1,-1,0,-0.6724455346936565,0,1
159,2023-wimbledon-1301,Carlos Alcaraz,Nicolas Jarry,2:07:02,3,1,160,1,1,0,0,30,30,1,1,1,81,79,0,0,0,0,0,0,0,0,0,0,0,0,0,0,0,0,0,0,0,0,0,4.131,5.861,1,113.0,W,CTL,D,0,0,0,0,-1,0.0,0.6526315720775624,0,1,-1,2,0.12041120809623426,0,1,0.0,0.34736841739612195,0,-1,-1,0,-0.7019653773661348,1,1
160,2023-wimbledon-1301,Carlos Alcaraz,Nicolas Jarry,2:07:27,3,1,161,1,1,0,0,40,30,1,1,1,82,79,1,0,0,0,0,0,0,0,0,0,0,0,0,0,0,0,0,0,0,0,0,6.968,15.75,1,113.0,C,NCTL,ND,0,0,0,0,-1,0.0,0.6526315720775624,0,1,-1,1,0.08308691114797492,0,1,0.0,0.34736841739612195,0,-1,-1,0,-0.7106074143091057,1,1
161,2023-wimbledon-1301,Carlos Alcaraz,Nicolas Jarry,2:08:41,3,2,162,1,1,1,0,0,0,2,1,1,83,79,0,0,0,0,0,0,0,0,0,0,0,1,0,1,0,0,0,0,0,0,0,33.675,33.494,8,126.0,C,NCTL,ND,0,1,0,1,-1,0.0,0.6526315720775624,0,-1,-1,0,-1.558362980389795,-1,1,0.0,0.34736841739612195,0,1,-1,0,1.004469401727083,1,1
162,2023-wimbledon-1301,Carlos Alcaraz,Nicolas Jarry,2:09:28,3,2,163,1,1,1,0,15,0,2,1,2,83,80,0,0,0,0,0,0,0,0,0,0,0,0,1,0,1,0,0,0,0,0,0,9.172,6.57,1,130.0,W,NCTL,ND,0,0,0,1,-1,0.0,0.6526315720775624,0,-1,-1,0,-1.600940030948788,-1,1,0.0,0.34736841739612195,0,1,-1,0,0.9891327869181086,0,1
163,2023-wimbledon-1301,Carlos Alcaraz,Nicolas Jarry,2:10:00,3,2,164,1,1,1,0,15,15,2,2,2,83,81,0,0,0,0,0,1,B,0,0,0,0,0,0,0,0,0,0,0,0,0,0,52.816,20.502,3,109.0,B,NCTL,ND,0,0,0,1,-1,0.0,0.6526315720775624,0,-1,-1,0,-1.6430676242337878,-1,1,0.0,0.34736841739612195,0,1,-1,1,1.0326046029065847,0,1
164,2023-wimbledon-1301,Carlos Alcaraz,Nicolas Jarry,2:10:55,3,2,165,1,1,1,0,15,30,2,1,1,84,81,0,0,0,0,0,0,0,0,0,0,0,0,0,0,0,0,0,0,0,0,0,9.47,6.624,2,128.0,BW,NCTL,D,0,0,0,1,-1,0.0,0.6526315720775624,2,-1,-1,0,-0.9367356853618166,-1,1,0.0,0.34736841739612195,0,1,-1,1,1.0326046029065847,1,1
165,2023-wimbledon-1301,Carlos Alcaraz,Nicolas Jarry,2:11:35,3,2,166,1,1,1,0,30,30,2,1,1,85,81,0,0,0,0,0,0,0,0,0,0,1,0,1,0,0,0,0,0,0,0,0,17.922,14.558,4,130.0,C,NCTL,ND,0,1,0,1,-1,0.0,0.6526315720775624,2,-1,-1,0,-0.9367356853618166,-1,1,0.0,0.34736841739612195,0,1,-1,1,1.0326046029065847,1,1
166,2023-wimbledon-1301,Carlos Alcaraz,Nicolas Jarry,2:12:15,3,2,167,1,1,1,0,40,30,2,1,2,85,82,0,0,0,0,0,1,F,0,0,0,0,0,1,0,1,1,0,0,0,1,0,11.452,10.886,3,127.0,W,CTL,,0,0,0,1,-1,-0.9999990000010001,0.6526315720775624,2,-1,-1,0,-0.5749550669216504,-1,1,0.9999990000010001,0.34736841739612195,0,1,-1,2,0.6515079770955376,0,1
167,2023-wimbledon-1301,Carlos Alcaraz,Nicolas Jarry,2:12:53,3,2,168,1,1,1,0,40,40,2,2,1,86,82,0,0,0,0,0,0,0,0,0,0,1,0,0,0,0,0,0,0,0,0,0,8.123,6.082,2,114.0,BW,NCTL,ND,0,0,0,1,-1,-0.9999990000010001,0.6526315720775624,2,-1,-1,0,-0.39555098731291016,-1,1,0.9999990000010001,0.34736841739612195,0,1,-2,2,0.33983198330901226,1,1
168,2023-wimbledon-1301,Carlos Alcaraz,Nicolas Jarry,2:13:38,3,2,169,1,1,1,0,AD,40,2,1,2,86,83,0,0,0,0,0,0,0,0,0,0,0,0,0,0,0,1,0,0,0,1,0,27.335,7.822,1,130.0,W,CTL,ND,0,0,0,1,0,-0.99999950000025,0.6526315720775624,2,-1,0,0,0.0719865570376883,-1,0,0.99999950000025,0.34736841739612195,0,1,-2,2,0.05329627468853537,0,1
169,2023-wimbledon-1301,Carlos Alcaraz,Nicolas Jarry,2:14:08,3,2,170,1,1,1,0,40,40,2,1,2,86,84,0,0,0,0,0,1,F,0,0,0,0,0,0,0,0,0,0,0,0,0,0,10.23,7.241,3,118.0,BW,NCTL,ND,0,0,0,1,0,-0.99999950000025,0.6526315720775624,0,-1,0,0,-0.7099470284904181,-1,0,0.99999950000025,0.34736841739612195,0,1,-2,3,0.23740430787864053,0,1
170,2023-wimbledon-1301,Carlos Alcaraz,Nicolas Jarry,2:14:53,3,2,171,1,1,1,0,40,AD,2,2,1,87,84,0,0,0,0,0,0,0,0,1,0,1,0,0,0,0,0,0,0,0,0,0,11.861,6.606,0,,B,CTL,,0,0,0,1,1,-0.99999950000025,0.6526315720775624,0,-1,0,0,-0.15675278531555525,-1,-1,0.99999950000025,0.34736841739612195,0,1,-3,3,-0.49767732862245273,1,1
171,2023-wimbledon-1301,Carlos Alcaraz,Nicolas Jarry,2:15:48,3,2,172,1,1,1,0,40,40,2,1,2,87,85,0,0,0,0,0,0,0,0,0,0,0,0,0,0,0,0,0,0,0,0,0,6.797,3.806,1,129.0,C,CTL,ND,0,0,0,1,1,-0.99999950000025,0.6526315720775624,-2,-1,0,0,-0.9609973093622597,-1,-1,0.99999950000025,0.34736841739612195,0,1,-3,3,-0.37649103098537773,0,1
172,2023-wimbledon-1301,Carlos Alcaraz,Nicolas Jarry,2:16:15,3,2,173,1,1,1,0,40,AD,2,1,2,87,86,2,0,0,0,0,1,F,0,0,0,0,0,1,0,1,0,0,0,0,0,0,16.698,14.275,5,128.0,W,NCTL,ND,0,0,1,1,1,-0.99999950000025,0.6526315720775624,-2,-1,0,0,-1.0714532479925998,-1,-1,0.99999950000025,0.34736841739612195,0,1,-3,4,-0.16622432971635298,0,1
173,2023-wimbledon-1301,Carlos Alcaraz,Nicolas Jarry,2:16:58,3,3,174,1,1,1,1,0,0,1,2,1,88,86,0,0,0,0,1,0,F,0,0,0,0,0,0,0,0,0,0,0,0,0,0,22.725,30.75,7,92.0,C,NCTL,ND,0,1,0,0,1,-0.99999950000025,0.6526315720775624,0,1,0,1,1.4615164216352374,0,-1,0.99999950000025,0.34736841739612195,0,-1,-3,3,-1.9741707792824692,1,1
174,2023-wimbledon-1301,Carlos Alcaraz,Nicolas Jarry,2:17:46,3,3,175,1,1,1,1,15,0,1,1,1,89,86,0,0,0,0,1,0,F,0,0,0,0,0,0,0,0,0,0,0,0,0,0,10.8,19.121,3,114.0,C,NCTL,ND,0,0,0,0,1,-0.99999950000025,0.6526315720775624,0,1,0,2,1.620995231235675,0,-1,0.99999950000025,0.34736841739612195,0,-1,-3,3,-1.9724085409633965,1,1
175,2023-wimbledon-1301,Carlos Alcaraz,Nicolas Jarry,2:18:16,3,3,176,1,1,1,1,30,0,1,1,2,89,87,0,0,0,0,0,1,F,0,0,0,0,0,0,0,0,0,0,0,0,0,0,28.877,32.934,6,127.0,C,NCTL,D,0,0,1,0,1,-0.99999950000025,0.6526315720775624,-2,1,0,2,0.9216295690284556,0,-1,0.99999950000025,0.34736841739612195,0,-1,-2,4,-1.6757300848978498,0,1
176,2023-wimbledon-1301,Carlos Alcaraz,Nicolas Jarry,2:18:53,3,3,177,1,1,1,1,30,15,1,2,2,89,88,0,0,0,0,0,0,0,0,0,1,0,0,0,0,0,0,0,0,0,0,0,16.725,14.741,4,95.0,BW,CTL,ND,0,0,1,0,1,-0.9999990000010001,0.6526315720775624,-2,1,-1,2,0.517243571808872,0,-1,0.9999990000010001,0.34736841739612195,0,-1,-2,3,-1.8618532830192558,0,1
177,2023-wimbledon-1301,Carlos Alcaraz,Nicolas Jarry,2:19:39,3,3,178,1,1,1,1,30,30,1,2,1,90,88,0,0,0,0,0,0,0,0,0,0,1,0,0,0,0,0,0,0,0,0,0,11.081,11.092,3,104.0,BC,NCTL,D,0,0,0,0,1,-0.9999990000010001,0.6526315720775624,-2,1,-1,2,0.592150381862783,0,-1,0.9999990000010001,0.34736841739612195,0,-1,-2,3,-1.8428112115461799,1,1
178,2023-wimbledon-1301,Carlos Alcaraz,Nicolas Jarry,2:20:27,3,3,179,1,1,1,1,40,30,1,1,1,91,88,1,0,1,0,1,0,0,0,0,0,0,0,0,0,0,0,0,0,0,0,0,7.905,24.521,1,122.0,W,CTL,D,1,0,0,0,2,0.0,0.6526315720775624,0,1,-1,3,1.4556169077809495,0,-2,0.0,0.34736841739612195,0,-1,-2,3,-1.8228093955847644,1,1
179,2023-wimbledon-1301,Carlos Alcaraz,Nicolas Jarry,2:22:46,3,4,180,1,1,2,1,0,0,2,2,1,92,88,0,0,0,0,0,0,0,0,0,0,1,0,1,0,0,0,0,0,0,0,0,9.981,13.467,2,108.0,B,NCTL,ND,0,0,0,1,2,0.0,0.6526315720775624,2,-1,-1,3,0.6539510785542944,-1,-2,0.0,0.34736841739612195,0,1,-3,2,-0.3856852129938825,1,1
180,2023-wimbledon-1301,Carlos Alcaraz,Nicolas Jarry,2:23:36,3,4,181,1,1,2,1,15,0,2,1,1,93,88,0,0,0,0,1,0,F,0,0,0,0,0,1,0,0,0,0,0,0,0,0,27.698,24.671,6,129.0,BW,CTL,D,0,1,0,1,1,0.0,0.6526315720775624,2,-1,-1,4,0.343887807969833,-1,-1,0.0,0.34736841739612195,0,1,-2,2,0.20385433359693067,1,1
181,2023-wimbledon-1301,Carlos Alcaraz,Nicolas Jarry,2:24:21,3,4,182,1,1,2,1,30,0,2,2,2,93,89,0,0,0,0,0,0,0,0,0,1,0,0,0,0,0,0,0,0,0,0,0,20.258,11.909,3,106.0,B,CTL,D,0,0,0,1,1,0.0,0.6526315720775624,2,-1,-2,4,-0.15313398312947119,-1,-1,0.0,0.34736841739612195,0,1,-2,2,0.04692764166263266,0,1
182,2023-wimbledon-1301,Carlos Alcaraz,Nicolas Jarry,2:25:30,3,4,183,1,1,2,1,30,15,2,1,1,94,89,0,0,0,0,0,0,0,0,0,0,1,0,0,0,0,0,0,0,0,0,0,12.132,7.399,2,127.0,BW,NCTL,D,0,0,0,1,1,0.0,0.6526315720775624,4,-1,-2,4,0.5538916469813648,-1,-1,0.0,0.34736841739612195,0,1,-3,1,-0.18699832204079592,1,1
183,2023-wimbledon-1301,Carlos Alcaraz,Nicolas Jarry,2:25:59,3,4,184,1,1,2,1,40,15,2,1,1,95,89,1,0,0,0,0,0,0,0,0,0,0,0,0,0,0,1,0,1,0,0,0,25.215,21.594,6,133.0,C,NCTL,ND,0,1,0,1,1,0.9999990000010001,0.6526315720775624,4,-1,-2,3,0.34750826037507676,-1,-1,-0.9999990000010001,0.34736841739612195,0,1,-3,1,0.2727887952460398,1,1
184,2023-wimbledon-1301,Carlos Alcaraz,Nicolas Jarry,2:26:45,3,5,185,1,1,3,1,0,0,1,1,1,96,89,0,0,1,0,1,0,0,0,0,0,0,0,0,0,0,0,0,0,0,0,0,0.585,0.853,1,130.0,C,NCTL,,1,0,0,2,2,0.9999990000010001,0.6526315720775624,4,1,-2,3,2.526612791447707,-2,-2,-0.9999990000010001,0.34736841739612195,0,-1,-3,1,-1.844852277717719,1,1
185,2023-wimbledon-1301,Carlos Alcaraz,Nicolas Jarry,2:27:09,3,5,186,1,1,3,1,15,0,1,1,1,97,89,0,0,0,0,1,0,0,0,0,0,0,0,0,0,0,0,0,0,0,0,0,1.91,3.696,1,127.0,W,CTL,D,0,0,0,2,2,0.9999990000010001,0.6526315720775624,6,1,-2,4,3.366650891246651,-2,-2,-0.9999990000010001,0.34736841739612195,0,-1,-3,0,-1.8991381966151337,1,1
186,2023-wimbledon-1301,Carlos Alcaraz,Nicolas Jarry,2:27:35,3,5,187,1,1,3,1,30,0,1,2,1,98,89,0,0,0,0,0,0,0,0,0,0,1,0,0,0,0,0,0,0,0,0,0,26.138,27.732,9,103.0,BC,NCTL,ND,0,1,0,2,2,0.9999990000010001,0.6526315720775624,8,1,-1,4,4.276892566926844,-2,-2,-0.9999990000010001,0.34736841739612195,0,-1,-4,0,-2.0351196432537413,1,1
187,2023-wimbledon-1301,Carlos Alcaraz,Nicolas Jarry,2:28:21,3,5,188,1,1,3,1,40,0,1,2,2,98,90,0,0,0,0,0,0,0,1,0,1,0,0,0,0,0,0,0,0,0,0,0,1.076,1.74,0,,W,CTL,,0,0,0,2,1,0.9999990000010001,0.6526315720775624,6,1,-2,4,2.242209265987879,-2,-1,-0.9999990000010001,0.34736841739612195,0,-1,-3,0,-1.534179520983576,0,1
188,2023-wimbledon-1301,Carlos Alcaraz,Nicolas Jarry,2:28:59,3,5,189,1,1,3,1,40,15,1,1,1,99,90,1,0,1,0,1,0,0,0,0,0,0,0,0,0,0,0,0,0,0,0,0,0.778,1.077,1,107.0,W,CTL,,1,0,0,2,1,0.9999990000010001,0.6526315720775624,6,1,-2,4,2.3070963437376175,-2,-1,-0.9999990000010001,0.34736841739612195,0,-1,-3,0,-1.5183338743164951,1,1
189,2023-wimbledon-1301,Carlos Alcaraz,Nicolas Jarry,2:31:03,3,6,190,1,1,4,1,0,0,2,2,1,100,90,0,0,0,0,0,0,0,0,0,0,1,0,0,0,0,0,0,0,0,0,0,17.965,15.911,4,110.0,C,NCTL,ND,0,1,0,3,1,0.9999990000010001,0.6526315720775624,6,-1,-2,4,0.873129890897493,-3,-1,-0.9999990000010001,0.34736841739612195,0,1,-3,0,0.175460705573112,1,1
190,2023-wimbledon-1301,Carlos Alcaraz,Nicolas Jarry,2:32:01,3,6,191,1,1,4,1,15,0,2,1,2,100,91,0,0,0,0,0,1,0,0,0,0,0,0,0,0,0,0,0,0,0,0,0,1.075,0.785,1,121.0,C,NCTL,,0,0,0,3,1,0.9999990000010001,0.6526315720775624,4,-1,-2,3,-0.06976216737563468,-3,-1,-0.9999990000010001,0.34736841739612195,0,1,-3,1,0.1509153486119804,0,1
191,2023-wimbledon-1301,Carlos Alcaraz,Nicolas Jarry,2:32:24,3,6,192,1,1,4,1,15,15,2,2,2,100,92,0,0,0,0,0,0,0,0,0,0,0,0,0,0,0,0,0,0,0,0,0,4.072,3.528,1,107.0,W,NCTL,D,0,0,0,3,1,0.9999990000010001,0.6526315720775624,4,-1,-1,3,-0.02076707330086848,-3,-1,-0.9999990000010001,0.34736841739612195,0,1,-3,1,0.17003496661209266,0,1
192,2023-wimbledon-1301,Carlos Alcaraz,Nicolas Jarry,2:33:01,3,6,193,1,1,4,1,15,30,2,2,1,101,92,0,0,0,0,0,0,0,0,0,0,0,1,0,1,0,0,0,0,0,0,0,15.125,18.237,2,105.0,BW,NCTL,D,0,0,0,3,1,0.9999990000010001,0.6526315720775624,4,-1,-1,3,-0.02076707330086848,-3,-1,-0.9999990000010001,0.34736841739612195,0,1,-2,1,0.40015061583564554,1,1
193,2023-wimbledon-1301,Carlos Alcaraz,Nicolas Jarry,2:34:04,3,6,194,1,1,4,1,30,30,2,2,2,101,93,0,0,0,0,0,1,F,0,0,0,0,0,0,0,0,0,0,0,0,0,0,8.346,8.608,3,111.0,BC,NCTL,ND,0,0,0,3,1,0.0,0.6526315720775624,2,-1,-1,3,-0.3826297742683126,-3,-1,0.0,0.34736841739612195,0,1,-2,2,-0.0620342175184629,0,1
194,2023-wimbledon-1301,Carlos Alcaraz,Nicolas Jarry,2:34:46,3,6,195,1,1,4,1,30,40,2,1,2,101,94,2,0,0,0,0,0,0,0,0,0,0,0,1,0,1,0,0,0,0,0,0,11.882,6.858,1,132.0,W,NCTL,ND,0,0,0,3,0,0.0,0.6526315720775624,0,-1,-1,2,-1.4206309829627364,-3,0,0.0,0.34736841739612195,0,1,-2,2,0.2944128755235839,0,1
195,2023-wimbledon-1301,Carlos Alcaraz,Nicolas Jarry,2:35:22,3,7,196,1,1,4,2,0,0,1,1,1,102,94,0,0,0,0,1,0,0,0,0,0,0,0,0,0,0,0,0,0,0,0,0,3.652,5.284,1,107.0,W,NCTL,ND,0,0,0,2,0,0.0,0.6526315720775624,0,1,-1,2,0.3112696144719254,-2,0,0.0,0.34736841739612195,0,-1,-2,2,-1.3681110653964457,1,1
196,2023-wimbledon-1301,Carlos Alcaraz,Nicolas Jarry,2:35:46,3,7,197,1,1,4,2,15,0,1,1,1,103,94,0,0,0,0,0,0,0,0,0,0,0,0,0,0,0,0,0,0,0,0,0,13.487,15.647,3,117.0,W,CTL,ND,0,0,0,2,0,0.0,0.6526315720775624,0,1,-1,2,0.3112696144719254,-2,0,0.0,0.34736841739612195,0,-1,-1,2,-1.140490838934964,1,1
197,2023-wimbledon-1301,Carlos Alcaraz,Nicolas Jarry,2:36:15,3,7,198,1,1,4,2,30,0,1,2,1,104,94,0,0,0,0,0,0,0,0,0,0,1,0,0,0,0,0,0,0,0,0,0,14.958,15.843,3,90.0,BC,NCTL,ND,0,0,0,2,1,0.0,0.6526315720775624,2,1,0,2,1.5987076799886295,-2,-1,0.0,0.34736841739612195,0,-1,-2,2,-1.7473912718229,1,1
198,2023-wimbledon-1301,Carlos Alcaraz,Nicolas Jarry,2:36:54,3,7,199,1,1,4,2,40,0,1,1,1,105,94,1,0,1,0,1,0,0,0,0,0,0,0,0,0,0,0,0,0,0,0,0,0.778,0.859,1,109.0,W,CTL,,1,0,0,2,1,0.0,0.6526315720775624,2,1,0,2,1.6358350403451978,-2,-1,0.0,0.34736841739612195,0,-1,-2,2,-1.745293098881854,1,1
199,2023-wimbledon-1301,Carlos Alcaraz,Nicolas Jarry,2:38:49,3,8,200,1,1,5,2,0,0,2,1,2,105,95,0,0,0,0,0,0,0,0,0,0,0,0,0,0,0,0,0,0,0,0,0,6.718,4.45,1,126.0,C,NCTL,D,0,0,0,3,1,0.0,0.6526315720775624,0,-1,0,2,-0.7816464712807438,-3,-1,0.0,0.34736841739612195,0,1,-1,2,0.16427413409610664,0,1
200,2023-wimbledon-1301,Carlos Alcaraz,Nicolas Jarry,2:39:09,3,8,201,1,1,5,2,0,15,2,1,1,106,95,0,0,0,0,0,0,0,0,0,0,1,0,0,0,0,0,0,0,0,0,0,7.631,6.643,2,116.0,BC,NCTL,ND,0,0,0,3,1,0.0,0.6526315720775624,2,-1,0,2,-0.014074296744173057,-3,-1,0.0,0.34736841739612195,0,1,-2,1,-0.0256838575995117,1,1
201,2023-wimbledon-1301,Carlos Alcaraz,Nicolas Jarry,2:39:39,3,8,202,1,1,5,2,15,15,2,1,2,106,96,0,0,0,0,0,0,0,0,0,0,0,0,1,0,1,0,0,0,0,0,0,70.044,52.444,9,116.0,BW,NCTL,ND,0,0,1,3,1,0.0,0.6526315720775624,2,-1,0,2,-0.125305140885499,-3,-1,0.0,0.34736841739612195,0,1,-2,1,0.017419073518221674,0,1
202,2023-wimbledon-1301,Carlos Alcaraz,Nicolas Jarry,2:40:34,3,8,203,1,1,5,2,15,30,2,1,1,107,96,0,0,0,0,1,0,B,0,0,0,0,0,0,0,0,0,0,0,0,0,0,42.94,42.683,10,127.0,BW,NCTL,ND,0,1,0,3,1,0.0,0.6526315720775624,2,-1,0,3,-0.012479252347505243,-3,-1,0.0,0.34736841739612195,0,1,-2,1,0.0041387576246419595,1,1
203,2023-wimbledon-1301,Carlos Alcaraz,Nicolas Jarry,2:41:28,3,8,204,1,1,5,2,30,30,2,1,1,108,96,0,0,0,0,0,0,0,0,0,0,1,0,0,0,0,0,0,0,0,0,0,21.835,17.538,4,114.0,BW,NCTL,D,0,1,0,3,1,0.0,0.6526315720775624,4,-1,0,3,0.6445998899481491,-3,-1,0.0,0.34736841739612195,0,1,-3,0,-0.206706387974192,1,1
204,2023-wimbledon-1301,Carlos Alcaraz,Nicolas Jarry,2:42:07,3,8,205,1,1,5,2,40,30,2,1,2,108,97,0,0,0,1,0,1,0,0,0,0,0,0,0,0,0,1,0,0,0,1,0,0.729,0.772,1,127.0,W,CTL,,1,0,0,3,0,-0.9999990000010001,0.6526315720775624,4,-1,0,3,0.33766790286525405,-3,0,0.9999990000010001,0.34736841739612195,0,1,-3,1,-0.1335662059416329,0,1
205,2023-wimbledon-1301,Carlos Alcaraz,Nicolas Jarry,2:42:35,3,8,206,1,1,5,2,40,40,2,1,2,108,98,0,0,0,1,0,1,0,0,0,0,0,0,0,0,0,0,0,0,0,0,0,1.617,0.719,1,114.0,W,CTL,,1,0,0,3,-1,-0.9999990000010001,0.6526315720775624,2,-1,0,2,-0.780201272233904,-3,1,0.9999990000010001,0.34736841739612195,0,1,-3,2,0.2569450226188512,0,1
206,2023-wimbledon-1301,Carlos Alcaraz,Nicolas Jarry,2:43:02,3,8,207,1,1,5,2,40,AD,2,1,2,108,99,2,0,0,1,0,1,0,0,0,0,0,0,0,0,0,0,0,0,0,0,0,1.136,0.73,1,124.0,C,NCTL,,1,0,0,3,-2,-0.9999990000010001,0.6526315720775624,0,-1,0,2,-1.941168547447454,-3,2,0.9999990000010001,0.34736841739612195,0,1,-3,3,0.6053804834283085,0,1
207,2023-wimbledon-1301,Carlos Alcaraz,Nicolas Jarry,2:43:47,3,9,208,1,1,5,3,0,0,1,2,1,109,99,0,0,0,0,0,0,0,0,0,0,0,0,0,0,0,0,0,0,0,0,0,7.308,36.062,1,97.0,C,CTL,ND,0,0,0,2,-2,-0.9999990000010001,0.6526315720775624,0,1,0,2,-0.05645170660140242,-2,2,0.9999990000010001,0.34736841739612195,0,-1,-2,3,-0.9558739277525858,1,1
208,2023-wimbledon-1301,Carlos Alcaraz,Nicolas Jarry,2:44:30,3,9,209,1,1,5,3,15,0,1,1,1,110,99,0,0,0,0,1,0,F,0,0,0,0,1,0,1,0,0,0,0,0,0,0,12.63,22.045,3,109.0,C,NCTL,,0,0,0,2,-3,-0.9999990000010001,0.6526315720775624,0,1,0,2,-0.18432358511088848,-2,3,0.9999990000010001,0.34736841739612195,0,-1,-2,3,-0.6755991295800353,1,1
209,2023-wimbledon-1301,Carlos Alcaraz,Nicolas Jarry,2:45:05,3,9,210,1,1,5,3,30,0,1,2,1,111,99,0,0,0,0,0,0,0,0,0,0,1,0,0,0,0,0,0,0,0,0,0,4.239,3.606,1,95.0,BC,NCTL,D,0,0,0,2,-3,-0.9999990000010001,0.6526315720775624,2,1,0,2,0.5928554825701072,-2,3,0.9999990000010001,0.34736841739612195,0,-1,-3,3,-0.9639265353630375,1,1
210,2023-wimbledon-1301,Carlos Alcaraz,Nicolas Jarry,2:45:58,3,9,211,1,1,5,3,40,0,1,1,2,111,100,0,0,0,0,0,0,0,0,0,1,0,1,0,0,0,0,0,0,0,0,0,8.358,15.575,2,112.0,C,NCTL,ND,0,0,0,2,-3,-0.9999990000010001,0.6526315720775624,0,1,-1,2,-0.5433710318221353,-2,3,0.9999990000010001,0.34736841739612195,0,-1,-2,3,-0.6969054318563719,0,1
211,2023-wimbledon-1301,Carlos Alcaraz,Nicolas Jarry,2:46:29,3,9,212,1,1,5,3,40,15,1,1,1,112,100,1,1,0,0,0,0,0,0,0,0,0,0,0,0,0,0,0,0,0,0,0,11.526,13.833,1,128.0,C,NCTL,D,0,0,0,2,-3,-0.9999990000010001,0.6526315720775624,2,1,-1,2,0.07581021994835797,-2,3,0.9999990000010001,0.34736841739612195,0,-1,-2,3,-0.6969054318563719,1,1
212,2023-wimbledon-1301,Carlos Alcaraz,Nicolas Jarry,2:49:17,4,1,213,2,1,0,0,0,0,2,2,1,113,100,0,0,0,0,0,0,0,0,0,0,1,0,1,0,0,0,0,0,0,0,0,32.923,14.93,4,110.0,BW,CTL,ND,0,1,0,6,-3,-0.9999990000010001,0.6526315720775624,2,-1,-1,1,-1.3429553808349879,-6,3,0.9999990000010001,0.34736841739612195,0,1,-3,3,0.7903780321262759,1,1
213,2023-wimbledon-1301,Carlos Alcaraz,Nicolas Jarry,2:50:03,4,1,214,2,1,0,0,15,0,2,2,2,113,101,0,0,0,0,0,0,0,0,0,0,0,0,0,0,0,0,0,0,0,0,0,16.843,16.987,3,98.0,BW,NCTL,D,0,0,0,6,-3,-0.9999990000010001,0.6526315720775624,0,-1,-1,1,-2.06146375019323,-6,3,0.9999990000010001,0.34736841739612195,0,1,-2,3,1.004812117662182,0,1
214,2023-wimbledon-1301,Carlos Alcaraz,Nicolas Jarry,2:50:48,4,1,215,2,1,0,0,15,15,2,1,2,113,102,0,0,0,0,0,0,0,0,0,0,0,0,0,0,0,0,0,0,0,0,0,8.902,6.893,1,109.0,W,CTL,,0,0,0,6,-2,0.0,0.6526315720775624,0,-1,-1,1,-2.1475564855194387,-6,2,0.0,0.34736841739612195,0,1,-2,2,1.1042121726142213,0,1
215,2023-wimbledon-1301,Carlos Alcaraz,Nicolas Jarry,2:51:12,4,1,216,2,1,0,0,15,30,2,1,2,113,103,0,0,0,0,0,0,0,0,0,0,0,0,1,0,1,0,0,0,0,0,0,7.188,8.153,1,128.0,W,CTL,D,0,0,0,6,-1,0.0,0.6526315720775624,0,-1,-1,1,-1.8135794042964601,-6,1,0.0,0.34736841739612195,0,1,-2,1,0.8291295814950821,0,1
216,2023-wimbledon-1301,Carlos Alcaraz,Nicolas Jarry,2:51:40,4,1,217,2,1,0,0,15,40,2,1,2,113,104,2,0,0,0,0,1,0,0,0,0,0,0,0,0,0,0,0,0,0,0,0,1.203,0.911,1,129.0,C,NCTL,,0,0,0,6,0,0.0,0.6526315720775624,0,-1,-1,1,-1.5222399957237174,-6,0,0.0,0.34736841739612195,0,1,-2,1,0.482590959102795,0,1
217,2023-wimbledon-1301,Carlos Alcaraz,Nicolas Jarry,2:52:35,4,2,218,2,1,0,1,0,0,1,1,1,114,104,0,0,0,0,0,0,0,0,0,0,0,0,0,0,0,0,0,0,0,0,0,25.195,30.651,7,121.0,C,NCTL,ND,0,1,0,5,0,0.0,0.6526315720775624,0,1,-1,1,0.248877167759482,-5,0,0.0,0.34736841739612195,0,-1,-2,1,-1.2319405628228695,1,1
218,2023-wimbledon-1301,Carlos Alcaraz,Nicolas Jarry,2:53:10,4,2,219,2,1,0,1,15,0,1,2,2,114,105,0,0,0,0,0,0,0,1,0,1,0,0,0,0,0,0,0,0,0,0,0,1.544,2.202,0,,BW,CTL,,0,0,0,5,-1,0.0,0.6526315720775624,-2,1,-2,0,-0.8794390815257194,-5,1,0.0,0.34736841739612195,0,-1,-2,1,-0.8963346134679935,0,1
219,2023-wimbledon-1301,Carlos Alcaraz,Nicolas Jarry,2:54:03,4,2,220,2,1,0,1,15,15,1,1,2,114,106,0,0,0,0,0,0,0,0,0,1,0,0,0,0,0,0,0,0,0,0,0,12.946,29.134,2,126.0,BC,CTL,ND,0,0,0,5,-1,0.0,0.6526315720775624,-4,1,-3,0,-1.8426036100919583,-5,1,0.0,0.34736841739612195,0,-1,-1,1,-0.7485514172447539,0,1
220,2023-wimbledon-1301,Carlos Alcaraz,Nicolas Jarry,2:54:43,4,2,221,2,1,0,1,15,30,1,1,1,115,106,0,0,0,0,0,0,0,0,0,0,0,0,0,0,0,0,0,0,0,0,0,4.202,7.353,1,117.0,C,NCTL,ND,0,0,0,5,-1,0.0,0.6526315720775624,-2,1,-2,0,-0.804540081653927,-5,1,0.0,0.34736841739612195,0,-1,-1,1,-0.7588028239981915,1,1
221,2023-wimbledon-1301,Carlos Alcaraz,Nicolas Jarry,2:55:10,4,2,222,2,1,0,1,30,30,1,2,2,115,107,0,0,0,0,0,0,0,1,0,1,0,0,0,0,0,0,0,0,0,0,0,5.061,5.626,0,,C,CTL,ND,0,0,0,5,-2,0.0,0.6526315720775624,-4,1,-3,0,-1.989592822780478,-5,2,0.0,0.34736841739612195,0,-1,-1,1,-0.42215880539935025,0,1
222,2023-wimbledon-1301,Carlos Alcaraz,Nicolas Jarry,2:55:53,4,2,223,2,1,0,1,30,40,1,2,2,115,108,2,0,0,0,0,0,0,0,0,0,0,0,0,0,0,0,1,0,1,0,0,40.04,44.105,10,93.0,BW,NCTL,ND,0,0,1,5,-2,-0.9999990000010001,0.6526315720775624,-6,1,-3,0,-2.366784630949521,-5,2,0.9999990000010001,0.34736841739612195,0,-1,0,1,-0.6576388622904782,0,1
223,2023-wimbledon-1301,Carlos Alcaraz,Nicolas Jarry,2:57:09,4,3,224,2,1,0,2,0,0,2,1,2,115,109,0,0,0,0,0,0,0,0,0,0,0,0,1,0,1,0,0,0,0,0,0,15.329,13.638,3,124.0,BC,NCTL,,0,0,0,4,-2,-0.9999990000010001,0.6526315720775624,-6,-1,-3,0,-4.148817770462924,-4,2,0.9999990000010001,0.34736841739612195,0,1,0,1,1.084296209723047,0,1
224,2023-wimbledon-1301,Carlos Alcaraz,Nicolas Jarry,2:57:46,4,3,225,2,1,0,2,0,15,2,2,1,116,109,0,0,0,0,0,0,0,0,0,0,0,0,0,0,0,0,0,0,0,0,0,6.648,6.862,2,113.0,C,NCTL,ND,0,0,0,4,-2,-0.9999990000010001,0.6526315720775624,-4,-1,-3,0,-3.0185403837505653,-4,2,0.9999990000010001,0.34736841739612195,0,1,0,1,0.9246788724225397,1,1
225,2023-wimbledon-1301,Carlos Alcaraz,Nicolas Jarry,2:58:32,4,3,226,2,1,0,2,15,15,2,1,2,116,110,0,0,0,0,0,0,0,0,0,0,0,0,1,0,1,0,0,0,0,0,0,18.285,13.035,3,112.0,W,NCTL,ND,0,0,0,4,-2,-0.9999990000010001,0.6526315720775624,-4,-1,-3,0,-3.070508540675237,-4,2,0.9999990000010001,0.34736841739612195,0,1,0,1,0.9235188286741154,0,1
226,2023-wimbledon-1301,Carlos Alcaraz,Nicolas Jarry,2:59:15,4,3,227,2,1,0,2,15,30,2,1,2,116,111,0,0,0,0,0,1,F,0,0,0,0,0,1,0,1,0,0,0,0,0,0,15.033,14.679,3,129.0,B,NCTL,ND,0,0,0,4,-2,-0.9999990000010001,0.6526315720775624,-4,-1,-3,0,-3.070508540675237,-4,2,0.9999990000010001,0.34736841739612195,0,1,0,1,0.9235188286741154,0,1
227,2023-wimbledon-1301,Carlos Alcaraz,Nicolas Jarry,2:59:48,4,3,228,2,1,0,2,15,40,2,1,1,117,111,0,0,0,0,1,0,F,0,0,0,0,1,0,1,0,0,0,0,0,0,0,51.154,40.057,8,113.0,W,CTL,D,0,1,0,4,-2,-0.9999990000010001,0.6526315720775624,-4,-1,-3,1,-2.7393753541880943,-4,2,0.9999990000010001,0.34736841739612195,0,1,0,1,0.7804963671820129,1,1
228,2023-wimbledon-1301,Carlos Alcaraz,Nicolas Jarry,3:00:40,4,3,229,2,1,0,2,30,40,2,2,1,118,111,0,0,0,0,0,0,0,0,0,0,1,0,0,0,0,0,0,0,0,0,0,37.839,42.274,10,108.0,C,NCTL,D,0,1,0,4,-1,-0.9999990000010001,0.6526315720775624,-2,-1,-2,1,-1.582711144273384,-4,1,0.9999990000010001,0.34736841739612195,0,1,-1,1,0.4189641868636187,1,1
229,2023-wimbledon-1301,Carlos Alcaraz,Nicolas Jarry,3:01:47,4,3,230,2,1,0,2,40,40,2,1,1,119,111,0,0,0,0,0,0,0,0,0,0,0,0,0,0,0,0,0,0,0,0,0,22.348,25.995,4,117.0,BW,NCTL,D,0,1,0,4,-1,-0.9999990000010001,0.6526315720775624,0,-1,-1,1,-0.9130281852192604,-4,1,0.9999990000010001,0.34736841739612195,0,1,-1,1,0.4189641868636187,1,1
230,2023-wimbledon-1301,Carlos Alcaraz,Nicolas Jarry,3:02:25,4,3,231,2,1,0,2,AD,40,2,1,2,119,112,0,0,0,0,0,1,F,0,0,0,0,0,1,0,1,1,0,0,0,1,0,20.832,18.923,5,131.0,W,CTL,,0,0,1,4,-1,-0.99999950000025,0.6526315720775624,-2,-1,-1,1,-1.5978970372007213,-4,1,0.99999950000025,0.34736841739612195,0,1,-1,2,0.3546099913774551,0,1
231,2023-wimbledon-1301,Carlos Alcaraz,Nicolas Jarry,3:03:27,4,3,232,2,1,0,2,40,40,2,1,2,119,113,0,0,0,0,0,0,0,0,0,0,0,0,1,0,1,0,0,0,0,0,0,18.666,20.844,3,127.0,C,NCTL,ND,0,0,0,4,0,-0.99999950000025,0.6526315720775624,-2,-1,0,1,-1.3059477324442101,-4,0,0.99999950000025,0.34736841739612195,0,1,-1,2,0.10774401840166073,0,1
232,2023-wimbledon-1301,Carlos Alcaraz,Nicolas Jarry,3:04:06,4,3,233,2,1,0,2,40,AD,2,1,1,120,113,0,0,0,0,1,0,B,0,0,0,0,0,1,0,0,0,0,0,0,0,0,17.768,17.486,4,119.0,C,NCTL,ND,0,1,0,4,0,-0.9999990000010001,0.6526315720775624,0,-1,0,2,-0.5673246371086269,-4,0,0.9999990000010001,0.34736841739612195,0,1,-1,2,0.09959961953622685,1,1
233,2023-wimbledon-1301,Carlos Alcaraz,Nicolas Jarry,3:05:04,4,3,234,2,1,0,2,40,40,2,1,2,120,114,0,0,0,0,0,1,F,0,0,0,0,0,0,0,0,0,0,0,0,0,0,16.272,4.794,3,,C,NCTL,ND,0,0,0,4,0,-0.9999990000010001,0.6526315720775624,0,-1,0,2,-0.5673246371086269,-4,0,0.9999990000010001,0.34736841739612195,0,1,-1,3,0.059141369408721695,0,1
234,2023-wimbledon-1301,Carlos Alcaraz,Nicolas Jarry,3:05:36,4,3,235,2,1,0,2,40,AD,2,1,1,121,114,0,0,0,0,1,0,F,0,0,0,0,0,1,0,0,0,0,0,0,0,0,19.741,11.995,4,129.0,W,CTL,ND,0,1,0,4,0,-0.9999990000010001,0.6526315720775624,0,-1,0,3,-0.607782887236132,-4,0,0.9999990000010001,0.34736841739612195,0,1,-1,3,0.059141369408721695,1,1
235,2023-wimbledon-1301,Carlos Alcaraz,Nicolas Jarry,3:06:16,4,3,236,2,1,0,2,40,40,2,2,1,122,114,0,0,0,0,0,0,0,0,0,0,1,0,1,0,0,0,0,0,0,0,0,16.566,12.049,4,105.0,BC,NCTL,ND,0,1,0,4,0,-0.9999990000010001,0.6526315720775624,2,-1,0,3,0.21049672392210061,-4,0,0.9999990000010001,0.34736841739612195,0,1,-2,3,0.02634503155158617,1,1
236,2023-wimbledon-1301,Carlos Alcaraz,Nicolas Jarry,3:07:09,4,3,237,2,1,0,2,AD,40,2,1,2,122,115,0,0,0,1,0,1,0,0,0,0,0,0,0,0,0,1,0,0,0,1,0,1.015,0.741,1,121.0,C,CTL,,1,0,0,4,-1,-0.99999950000025,0.6526315720775624,2,-1,0,3,-0.23293052276297052,-4,1,0.99999950000025,0.34736841739612195,0,1,-2,3,0.2609701234566094,0,1
237,2023-wimbledon-1301,Carlos Alcaraz,Nicolas Jarry,3:07:38,4,3,238,2,1,0,2,40,40,2,2,2,122,116,0,0,0,0,0,1,F,0,0,0,0,0,1,0,1,0,0,0,0,0,0,34.6,48.407,7,110.0,B,NCTL,ND,0,0,1,4,-1,-0.99999950000025,0.6526315720775624,0,-1,0,2,-0.8137192173845179,-4,1,0.99999950000025,0.34736841739612195,0,1,-2,4,0.21401714821123205,0,1
238,2023-wimbledon-1301,Carlos Alcaraz,Nicolas Jarry,3:09:02,4,3,239,2,1,0,2,40,AD,2,1,1,123,116,0,0,0,0,0,0,0,0,0,0,0,0,0,0,0,0,0,0,0,0,0,30.164,23.903,6,128.0,BW,NCTL,ND,0,1,0,4,-1,-0.99999950000025,0.6526315720775624,0,-1,0,2,-0.8137192173845179,-4,1,0.99999950000025,0.34736841739612195,0,1,-1,4,0.2746028013225307,1,1
239,2023-wimbledon-1301,Carlos Alcaraz,Nicolas Jarry,3:09:55,4,3,240,2,1,0,2,40,40,2,1,2,123,117,0,0,0,0,0,0,0,0,0,0,0,0,0,0,0,0,0,0,0,0,0,11.716,8.067,1,114.0,W,NCTL,D,0,0,0,4,-1,-0.99999950000025,0.6526315720775624,-2,-1,0,2,-1.4414608872514427,-4,1,0.99999950000025,0.34736841739612195,0,1,-1,4,0.2746028013225307,0,1
240,2023-wimbledon-1301,Carlos Alcaraz,Nicolas Jarry,3:10:27,4,3,241,2,1,0,2,40,AD,2,1,2,123,118,2,0,0,0,0,0,0,0,0,0,0,0,0,0,0,0,0,0,0,0,0,11.645,8.043,1,119.0,C,NCTL,D,0,0,0,4,-1,-0.9999990000010001,0.6526315720775624,-2,-1,0,2,-1.5251194623540094,-4,1,0.9999990000010001,0.34736841739612195,0,1,-1,3,0.29705050143160594,0,1
241,2023-wimbledon-1301,Carlos Alcaraz,Nicolas Jarry,3:12:34,4,4,242,2,1,0,3,0,0,1,1,1,124,118,0,0,0,0,0,0,0,0,0,0,0,0,0,0,0,0,0,0,0,0,0,5.839,7.128,1,129.0,BC,CTL,ND,0,0,0,3,-1,-0.9999990000010001,0.6526315720775624,0,1,0,2,0.8449228319038463,-3,1,0.9999990000010001,0.34736841739612195,0,-1,-1,3,-1.3574430464487468,1,1
242,2023-wimbledon-1301,Carlos Alcaraz,Nicolas Jarry,3:12:51,4,4,243,2,1,0,3,15,0,1,1,2,124,119,0,0,0,0,0,0,0,0,0,1,0,0,0,0,0,0,0,0,0,0,0,5.707,6.699,2,117.0,BC,NCTL,ND,0,0,0,3,-1,-0.9999990000010001,0.6526315720775624,-2,1,-1,1,0.06305437751741799,-3,1,0.9999990000010001,0.34736841739612195,0,-1,-1,3,-1.3780365777162051,0,1
243,2023-wimbledon-1301,Carlos Alcaraz,Nicolas Jarry,3:13:12,4,4,244,2,1,0,3,15,15,1,2,2,124,120,0,0,0,0,0,0,0,1,0,1,0,0,0,0,0,0,0,0,0,0,0,1.518,3.162,0,,C,CTL,,0,0,0,3,-2,-0.9999990000010001,0.6526315720775624,-2,1,-2,1,-0.45461927046284484,-3,2,0.9999990000010001,0.34736841739612195,0,-1,-1,2,-1.0420247571414785,0,1
244,2023-wimbledon-1301,Carlos Alcaraz,Nicolas Jarry,3:13:47,4,4,245,2,1,0,3,15,30,1,1,2,124,121,0,0,0,0,0,0,0,0,0,0,0,0,0,0,0,0,0,0,0,0,0,10.416,9.26,2,112.0,C,NCTL,D,0,0,0,3,-2,-0.9999990000010001,0.6526315720775624,-4,1,-2,0,-1.1762919676484525,-3,2,0.9999990000010001,0.34736841739612195,0,-1,-1,2,-1.0649963568285774,0,1
245,2023-wimbledon-1301,Carlos Alcaraz,Nicolas Jarry,3:14:07,4,4,246,2,1,0,3,15,40,1,2,1,125,121,0,0,0,0,0,0,0,0,0,0,0,0,0,0,0,0,1,0,0,0,1,6.55,8.454,1,126.0,BC,NCTL,ND,0,0,0,3,-2,0.0,0.6526315720775624,-4,1,-2,0,-1.4728274192648985,-3,2,0.0,0.34736841739612195,0,-1,0,2,-0.556908653648436,1,1
246,2023-wimbledon-1301,Carlos Alcaraz,Nicolas Jarry,3:14:44,4,4,247,2,1,0,3,30,40,1,1,1,126,121,0,0,0,0,0,0,0,0,0,0,0,1,0,1,0,0,1,0,0,0,1,18.155,25.921,3,110.0,W,CTL,,0,0,0,3,-1,0.99999950000025,0.6526315720775624,-2,1,-2,0,-0.8424922901885848,-3,1,-0.99999950000025,0.34736841739612195,0,-1,0,1,-0.385254679419197,1,1
247,2023-wimbledon-1301,Carlos Alcaraz,Nicolas Jarry,3:15:12,4,4,248,2,1,0,3,40,40,1,2,1,127,121,0,0,0,0,1,0,F,0,0,0,0,1,0,1,0,0,0,0,0,0,0,9.226,9.783,3,111.0,W,NCTL,,0,0,0,3,-1,0.99999950000025,0.6526315720775624,0,1,-2,1,-0.22013646976967755,-3,1,-0.99999950000025,0.34736841739612195,0,-1,0,0,-0.3223978412706777,1,1
248,2023-wimbledon-1301,Carlos Alcaraz,Nicolas Jarry,3:15:53,4,4,249,2,1,0,3,AD,40,1,2,1,128,121,1,0,0,0,0,0,0,0,0,0,1,0,0,0,0,0,0,0,0,0,0,23.988,22.561,7,90.0,B,NCTL,ND,0,1,0,3,-1,0.99999950000025,0.6526315720775624,0,1,-2,1,-0.1259392253392464,-3,1,-0.99999950000025,0.34736841739612195,0,-1,-1,0,-0.3751087757337166,1,1
249,2023-wimbledon-1301,Carlos Alcaraz,Nicolas Jarry,3:16:58,4,5,250,2,1,1,3,0,0,2,1,2,128,122,0,0,0,0,0,0,0,0,0,0,0,0,0,0,0,0,0,0,0,0,0,14.05,8.179,1,113.0,W,CTL,ND,0,0,0,4,-1,0.99999950000025,0.6526315720775624,0,-1,-2,1,-1.8424620915401497,-4,1,-0.99999950000025,0.34736841739612195,0,1,-1,0,1.3414140904671865,0,1
250,2023-wimbledon-1301,Carlos Alcaraz,Nicolas Jarry,3:17:22,4,5,251,2,1,1,3,0,15,2,1,1,129,122,0,0,0,0,0,0,0,0,0,0,1,0,0,0,0,0,0,0,0,0,0,11.046,4.252,2,129.0,B,NCTL,ND,0,0,0,4,-1,0.99999950000025,0.6526315720775624,2,-1,-2,1,-1.2204192843763153,-4,1,-0.99999950000025,0.34736841739612195,0,1,-2,0,1.3198437609954676,1,1
251,2023-wimbledon-1301,Carlos Alcaraz,Nicolas Jarry,3:17:55,4,5,252,2,1,1,3,15,15,2,2,2,129,123,0,0,0,0,0,1,F,0,0,0,0,0,1,0,1,0,0,0,0,0,0,13.185,8.237,3,99.0,B,NCTL,ND,0,0,0,4,-1,0.99999950000025,0.6526315720775624,0,-1,-2,1,-1.918243605313282,-4,1,-0.99999950000025,0.34736841739612195,0,1,-2,1,1.2025732743412685,0,1
252,2023-wimbledon-1301,Carlos Alcaraz,Nicolas Jarry,3:18:44,4,5,253,2,1,1,3,15,30,2,1,2,129,124,0,0,0,0,0,1,B,0,0,0,0,0,0,0,0,0,0,0,0,0,0,16.359,7.683,3,123.0,C,NCTL,ND,0,0,0,4,-1,0.99999950000025,0.6526315720775624,0,-1,-1,1,-1.9517340850829026,-4,1,-0.99999950000025,0.34736841739612195,0,1,-2,2,1.0887024308651534,0,1
253,2023-wimbledon-1301,Carlos Alcaraz,Nicolas Jarry,3:19:13,4,5,254,2,1,1,3,15,40,2,1,1,130,124,0,0,0,0,0,0,0,0,0,0,1,0,0,0,0,0,0,0,0,0,0,12.312,4.519,2,128.0,C,NCTL,ND,0,0,0,4,0,0.99999950000025,0.6526315720775624,2,-1,0,1,-0.9076476067192416,-4,0,-0.99999950000025,0.34736841739612195,0,1,-3,2,0.768227242972718,1,1
254,2023-wimbledon-1301,Carlos Alcaraz,Nicolas Jarry,3:19:46,4,5,255,2,1,1,3,30,40,2,1,1,131,124,0,0,0,0,0,0,0,0,0,0,1,0,0,0,0,0,0,0,0,0,0,20.628,14.913,4,131.0,B,NCTL,ND,0,1,0,4,0,0.99999950000025,0.6526315720775624,4,-1,0,1,-0.1532021024563563,-4,0,-0.99999950000025,0.34736841739612195,0,1,-4,2,0.7443278461753361,1,1
255,2023-wimbledon-1301,Carlos Alcaraz,Nicolas Jarry,3:20:21,4,5,256,2,1,1,3,40,40,2,1,2,131,125,0,0,0,0,0,0,0,0,0,1,0,0,0,0,0,0,0,0,0,0,0,13.0,11.521,3,131.0,C,NCTL,ND,0,0,0,4,0,0.9999990000010001,0.6526315720775624,2,-1,-1,1,-0.9234299303111432,-4,0,-0.9999990000010001,0.34736841739612195,0,1,-4,2,0.718938165610121,0,1
256,2023-wimbledon-1301,Carlos Alcaraz,Nicolas Jarry,3:20:54,4,5,257,2,1,1,3,40,AD,2,1,2,131,126,2,0,0,1,0,1,0,0,0,0,0,0,0,0,0,0,0,0,0,0,0,1.865,1.001,1,116.0,C,CTL,,1,0,0,4,-1,0.0,0.6526315720775624,0,-1,-1,1,-1.569966744714875,-4,1,0.0,0.34736841739612195,0,1,-4,3,0.5210667369465417,0,1
257,2023-wimbledon-1301,Carlos Alcaraz,Nicolas Jarry,3:22:58,4,6,258,2,1,1,4,0,0,1,2,2,131,127,0,0,0,0,0,0,0,1,0,1,0,0,0,0,0,0,0,0,0,0,0,7.196,14.763,0,,C,NCTL,ND,0,0,0,3,-2,0.0,0.6526315720775624,-2,1,-2,0,-0.8565107307493536,-3,2,0.0,0.34736841739612195,0,-1,-4,3,-1.0248660154078943,0,1
258,2023-wimbledon-1301,Carlos Alcaraz,Nicolas Jarry,3:23:55,4,6,259,2,1,1,4,0,15,1,2,1,132,127,0,0,0,0,0,0,0,0,0,0,1,0,0,0,0,0,0,0,0,0,0,18.567,17.63,5,92.0,BW,CTL,D,0,1,0,3,-2,0.0,0.6526315720775624,-2,1,-2,0,-0.7566399086699266,-3,2,0.0,0.34736841739612195,0,-1,-4,3,-0.9994350160569971,1,1
259,2023-wimbledon-1301,Carlos Alcaraz,Nicolas Jarry,3:25:03,4,6,260,2,1,1,4,15,15,1,1,1,133,127,0,0,0,0,0,0,0,0,0,0,0,0,0,0,0,0,0,0,0,0,0,2.312,3.127,1,113.0,BW,NCTL,D,0,0,0,3,-2,0.0,0.6526315720775624,0,1,-2,0,-0.027489011409356987,-3,2,0.0,0.34736841739612195,0,-1,-4,3,-0.9710477390812411,1,1
260,2023-wimbledon-1301,Carlos Alcaraz,Nicolas Jarry,3:25:28,4,6,261,2,1,1,4,30,15,1,1,1,134,127,0,0,0,0,0,0,0,0,0,0,0,1,0,1,0,0,0,0,0,0,0,20.729,34.339,5,113.0,BW,CTL,,0,1,0,3,-2,0.0,0.6526315720775624,0,1,-2,0,0.05931005314348311,-3,2,0.0,0.34736841739612195,0,-1,-3,3,-0.9242205204913154,1,1
261,2023-wimbledon-1301,Carlos Alcaraz,Nicolas Jarry,3:26:04,4,6,262,2,1,1,4,40,15,1,1,1,135,127,1,0,1,0,1,0,0,0,0,0,0,0,0,0,0,0,0,0,0,0,0,0.0,0.0,1,131.0,,,,1,0,0,3,-1,0.0,0.6526315720775624,2,1,-2,1,0.8872612558507729,-3,1,0.0,0.34736841739612195,0,-1,-3,2,-0.9878945052735167,1,1
262,2023-wimbledon-1301,Carlos Alcaraz,Nicolas Jarry,3:27:02,4,7,263,2,1,2,4,0,0,2,1,1,136,127,0,0,0,0,0,0,0,0,0,0,0,0,0,0,0,0,0,0,0,0,0,66.051,71.082,16,126.0,BC,NCTL,D,0,1,0,4,-1,0.0,0.6526315720775624,4,-1,-2,1,0.011130507662168054,-4,1,0.0,0.34736841739612195,0,1,-3,1,1.0275625276089142,1,1
263,2023-wimbledon-1301,Carlos Alcaraz,Nicolas Jarry,3:28:08,4,7,264,2,1,2,4,15,0,2,2,1,137,127,0,0,0,0,0,0,0,0,1,0,1,0,0,0,0,0,0,0,0,0,0,5.41,4.731,0,,BW,CTL,D,0,0,0,4,0,0.0,0.6526315720775624,4,-1,-2,1,0.4567461333094305,-4,0,0.0,0.34736841739612195,0,1,-3,1,0.8972704871278411,1,1
264,2023-wimbledon-1301,Carlos Alcaraz,Nicolas Jarry,3:28:56,4,7,265,2,1,2,4,30,0,2,1,2,137,128,0,0,0,0,0,0,0,0,0,0,0,0,0,0,0,0,0,0,0,0,0,6.454,4.538,1,129.0,BC,CTL,D,0,0,0,4,0,0.0,0.6526315720775624,2,-1,-2,1,-0.4167038084560142,-4,0,0.0,0.34736841739612195,0,1,-2,1,0.7946683824629843,0,1
265,2023-wimbledon-1301,Carlos Alcaraz,Nicolas Jarry,3:29:21,4,7,266,2,1,2,4,30,15,2,1,1,138,128,0,0,0,0,0,0,0,0,0,0,0,0,1,0,0,0,0,0,0,0,0,5.555,5.758,2,129.0,W,CTL,ND,0,0,0,4,0,0.0,0.6526315720775624,4,-1,-1,1,0.44930575934050715,-4,0,0.0,0.34736841739612195,0,1,-2,1,0.8611147637369632,1,1
266,2023-wimbledon-1301,Carlos Alcaraz,Nicolas Jarry,3:29:54,4,7,267,2,1,2,4,40,15,2,1,2,138,129,0,0,0,0,0,1,F,0,0,0,0,0,0,0,0,1,0,0,0,1,0,12.044,7.425,3,129.0,BC,CTL,ND,0,0,0,4,1,-0.9999990000010001,0.6526315720775624,4,-1,-1,1,1.0521117711059143,-4,-1,0.9999990000010001,0.34736841739612195,0,1,-2,1,0.2583087519715558,0,1
267,2023-wimbledon-1301,Carlos Alcaraz,Nicolas Jarry,3:30:31,4,7,268,2,1,2,4,40,30,2,1,1,139,129,1,0,0,0,0,0,0,0,0,0,1,0,1,0,0,1,0,1,0,0,0,11.127,11.612,2,129.0,W,CTL,ND,0,0,0,4,2,0.0,0.6526315720775624,6,-1,0,1,1.8264092103346785,-4,-2,0.0,0.34736841739612195,0,1,-3,1,0.4750145103726233,1,1
268,2023-wimbledon-1301,Carlos Alcaraz,Nicolas Jarry,3:32:27,4,8,269,2,1,3,4,0,0,1,1,1,140,129,0,0,0,0,0,0,0,0,0,0,0,0,0,0,0,0,0,0,0,0,0,29.269,23.931,7,123.0,C,CTL,D,0,1,0,5,2,0.0,0.6526315720775624,6,1,0,1,3.7594626253295322,-5,-2,0.0,0.34736841739612195,0,-1,-2,1,-1.4555276811263516,1,1
269,2023-wimbledon-1301,Carlos Alcaraz,Nicolas Jarry,3:33:01,4,8,270,2,1,3,4,15,0,1,2,1,141,129,0,0,0,0,1,0,F,0,0,0,0,0,0,0,0,0,0,0,0,0,0,5.17,12.344,3,90.0,W,CTL,ND,0,0,0,5,2,0.0,0.6526315720775624,6,1,0,2,3.6457916191044464,-5,-2,0.0,0.34736841739612195,0,-1,-2,1,-1.426658360558416,1,1
270,2023-wimbledon-1301,Carlos Alcaraz,Nicolas Jarry,3:33:45,4,8,271,2,1,3,4,30,0,1,2,2,141,130,0,0,0,0,0,0,0,1,0,1,0,0,0,0,0,0,0,0,0,0,0,4.901,6.558,0,,BC,CTL,,0,0,0,5,1,0.0,0.6526315720775624,4,1,-1,2,2.2485080254667644,-5,-1,0.0,0.34736841739612195,0,-1,-2,1,-1.1482157746609103,0,1
271,2023-wimbledon-1301,Carlos Alcaraz,Nicolas Jarry,3:34:24,4,8,272,2,1,3,4,30,15,1,1,1,142,130,0,0,0,0,0,0,0,0,0,0,0,0,0,0,0,0,0,0,0,0,0,2.559,2.69,1,113.0,BC,NCTL,ND,0,0,0,5,0,0.0,0.6526315720775624,4,1,-1,1,2.229486325961284,-5,0,0.0,0.34736841739612195,0,-1,-2,1,-0.9002566237661906,1,1
272,2023-wimbledon-1301,Carlos Alcaraz,Nicolas Jarry,3:34:53,4,8,273,2,1,3,4,40,15,1,1,1,143,130,1,0,0,0,0,0,0,0,0,0,0,0,0,0,0,0,0,0,0,0,0,4.559,5.6,1,115.0,BW,NCTL,ND,0,0,0,5,0,0.0,0.6526315720775624,4,1,-1,1,2.283175227089776,-5,0,0.0,0.34736841739612195,0,-1,-2,1,-0.8723487073940732,1,1
273,2023-wimbledon-1301,Carlos Alcaraz,Nicolas Jarry,3:35:32,4,9,274,2,1,4,4,0,0,2,1,2,143,131,0,0,0,0,0,0,0,0,0,0,0,0,0,0,0,0,0,0,0,0,0,6.958,3.314,1,108.0,W,CTL,D,0,0,0,6,-1,0.0,0.6526315720775624,2,-1,-1,1,-0.5699032151314959,-6,1,0.0,0.34736841739612195,0,1,-1,1,1.118869979016052,0,1
274,2023-wimbledon-1301,Carlos Alcaraz,Nicolas Jarry,3:35:54,4,9,275,2,1,4,4,0,15,2,1,1,144,131,0,0,0,0,0,0,0,0,0,0,1,0,0,0,0,0,0,0,0,0,0,21.572,16.683,4,121.0,C,NCTL,D,0,1,0,6,-1,0.0,0.6526315720775624,4,-1,-1,1,0.3297617665425008,-6,1,0.0,0.34736841739612195,0,1,-2,1,1.2282068183991637,1,1
275,2023-wimbledon-1301,Carlos Alcaraz,Nicolas Jarry,3:36:26,4,9,276,2,1,4,4,15,15,2,1,2,144,132,0,0,0,1,0,1,0,0,0,0,0,0,0,0,0,0,0,0,0,0,0,1.796,1.106,1,110.0,W,CTL,,1,0,0,6,-2,0.0,0.6526315720775624,2,-1,-1,1,-0.7278433084058517,-6,2,0.0,0.34736841739612195,0,1,-2,2,1.2906409324297705,0,1
276,2023-wimbledon-1301,Carlos Alcaraz,Nicolas Jarry,3:36:52,4,9,277,2,1,4,4,15,30,2,1,2,144,133,0,0,0,0,0,1,F,0,0,0,0,0,1,0,1,0,0,0,0,0,0,14.401,6.747,3,110.0,C,NCTL,ND,0,0,0,6,-2,0.9999990000010001,0.6526315720775624,2,-1,-1,1,-1.1771099030804146,-6,2,-0.9999990000010001,0.34736841739612195,0,1,-2,2,1.635653763156522,0,1
277,2023-wimbledon-1301,Carlos Alcaraz,Nicolas Jarry,3:37:21,4,9,278,2,1,4,4,15,40,2,2,2,144,134,2,0,0,0,0,0,0,0,0,1,0,1,0,0,0,0,0,0,0,0,0,28.05,22.624,7,105.0,BC,NCTL,D,0,0,1,6,-2,0.0,0.6526315720775624,0,-1,-2,1,-1.597351081300272,-6,2,0.0,0.34736841739612195,0,1,-1,2,1.2141086558522884,0,1
278,2023-wimbledon-1301,Carlos Alcaraz,Nicolas Jarry,3:39:32,4,10,279,2,1,4,5,0,0,1,2,1,145,134,0,0,0,0,1,0,B,0,0,0,0,0,0,0,0,0,0,0,0,0,0,8.178,10.283,3,101.0,BC,NCTL,ND,0,0,0,5,-2,0.0,0.6526315720775624,0,1,-2,2,0.06946814475343477,-5,2,0.0,0.34736841739612195,0,-1,-1,2,-0.6157459754015082,1,1
279,2023-wimbledon-1301,Carlos Alcaraz,Nicolas Jarry,3:40:14,4,10,280,2,1,4,5,15,0,1,2,1,146,134,0,0,0,0,0,0,0,0,0,0,1,0,0,0,0,0,0,0,0,0,0,9.464,9.553,3,92.0,B,NCTL,ND,0,0,0,5,-2,0.0,0.6526315720775624,0,1,-2,1,0.3613815842539748,-5,2,0.0,0.34736841739612195,0,-1,-2,2,-0.5742533257725515,1,1
280,2023-wimbledon-1301,Carlos Alcaraz,Nicolas Jarry,3:41:00,4,10,281,2,1,4,5,30,0,1,1,2,146,135,0,0,0,0,0,0,0,0,0,1,0,0,0,0,0,0,0,0,0,0,0,15.671,18.724,4,124.0,BC,NCTL,ND,0,0,1,5,-1,0.0,0.6526315720775624,0,1,-2,1,0.34494565525990944,-5,1,0.0,0.34736841739612195,0,-1,-2,2,-0.9189551860985734,0,1
281,2023-wimbledon-1301,Carlos Alcaraz,Nicolas Jarry,3:41:32,4,10,282,2,1,4,5,30,15,1,1,1,147,135,0,0,0,0,1,0,F,0,0,0,0,1,0,1,0,0,0,0,0,0,0,35.211,41.728,11,121.0,C,NCTL,D,0,1,0,5,-1,0.0,0.6526315720775624,0,1,-2,2,0.17698999358020107,-5,1,0.0,0.34736841739612195,0,-1,-2,2,-0.9189551860985734,1,1
282,2023-wimbledon-1301,Carlos Alcaraz,Nicolas Jarry,3:42:16,4,10,283,2,1,4,5,40,15,1,1,2,147,136,0,0,0,0,0,0,0,0,0,0,0,1,0,0,0,0,0,0,0,0,0,6.304,5.466,2,115.0,W,NCTL,ND,0,0,0,5,-1,0.0,0.6526315720775624,-2,1,-2,2,-0.8098104224032769,-5,1,0.0,0.34736841739612195,0,-1,-2,2,-1.0660079222402414,0,1
283,2023-wimbledon-1301,Carlos Alcaraz,Nicolas Jarry,3:42:48,4,10,284,2,1,4,5,40,30,1,2,2,147,137,0,0,0,0,0,0,0,0,0,0,0,0,0,0,0,0,0,0,0,0,0,18.374,24.586,6,95.0,BW,NCTL,ND,0,0,1,5,-1,0.0,0.6526315720775624,-2,1,-2,2,-1.092191326449671,-5,1,0.0,0.34736841739612195,0,-1,-2,2,-1.2318109580796297,0,1
284,2023-wimbledon-1301,Carlos Alcaraz,Nicolas Jarry,3:43:49,4,10,285,2,1,4,5,40,40,1,1,1,148,137,0,0,0,0,1,0,F,0,0,0,0,0,0,0,0,0,0,0,0,0,0,9.086,13.871,3,129.0,C,CTL,D,0,0,0,5,-1,0.0,0.6526315720775624,-2,1,-2,3,-1.0560614678722386,-5,1,0.0,0.34736841739612195,0,-1,-1,2,-1.1409541766236244,1,1
285,2023-wimbledon-1301,Carlos Alcaraz,Nicolas Jarry,3:44:23,4,10,286,2,1,4,5,AD,40,1,1,1,149,137,1,0,0,0,0,0,0,0,0,0,0,0,0,0,0,0,0,0,0,0,0,3.861,4.678,1,113.0,C,NCTL,ND,0,0,0,5,0,0.0,0.6526315720775624,0,1,-2,3,0.09276775071319043,-5,0,0.0,0.34736841739612195,0,-1,-1,1,-1.1962683309783215,1,1
286,2023-wimbledon-1301,Carlos Alcaraz,Nicolas Jarry,3:45:10,4,11,287,2,1,5,5,0,0,2,1,2,149,138,0,0,0,0,0,0,0,0,0,0,0,0,0,0,0,0,0,0,0,0,0,14.701,6.51,1,125.0,BC,CTL,ND,0,0,0,6,0,0.0,0.6526315720775624,0,-1,-2,3,-1.8011511724739528,-6,0,0.0,0.34736841739612195,0,1,-1,0,0.8628206539793429,0,1
287,2023-wimbledon-1301,Carlos Alcaraz,Nicolas Jarry,3:45:48,4,11,288,2,1,5,5,0,15,2,2,1,150,138,0,0,0,0,0,0,0,0,0,0,0,1,0,1,0,0,0,0,0,0,0,10.826,11.492,2,92.0,BW,NCTL,D,0,0,0,6,0,0.0,0.6526315720775624,2,-1,-1,3,-0.7525386080536087,-6,0,0.0,0.34736841739612195,0,1,-1,0,0.9097390057413451,1,1
288,2023-wimbledon-1301,Carlos Alcaraz,Nicolas Jarry,3:46:28,4,11,289,2,1,5,5,15,15,2,1,2,150,139,0,0,0,0,0,1,F,0,0,0,0,0,1,0,1,0,0,0,0,0,0,26.067,25.256,9,130.0,BC,NCTL,ND,0,0,1,6,0,0.0,0.6526315720775624,0,-1,-1,2,-1.4860515122057054,-6,0,0.0,0.34736841739612195,0,1,-1,1,0.7307037617776627,0,1
289,2023-wimbledon-1301,Carlos Alcaraz,Nicolas Jarry,3:47:15,4,11,290,2,1,5,5,15,30,2,1,1,151,139,0,0,0,0,0,0,0,0,0,0,0,0,0,0,0,0,0,0,0,0,0,17.319,11.144,4,113.0,C,NCTL,D,0,1,0,6,0,0.0,0.6526315720775624,0,-1,-1,2,-1.4860515122057054,-6,0,0.0,0.34736841739612195,0,1,0,1,0.7300012100804165,1,1
290,2023-wimbledon-1301,Carlos Alcaraz,Nicolas Jarry,3:47:51,4,11,291,2,1,5,5,30,30,2,2,1,152,139,0,0,0,0,0,0,0,0,0,0,1,0,1,0,0,0,0,0,0,0,0,31.781,21.505,6,113.0,BW,NCTL,D,0,1,0,6,0,0.0,0.6526315720775624,2,-1,0,2,-0.5029150851680604,-6,0,0.0,0.34736841739612195,0,1,-1,1,0.826412770795053,1,1
291,2023-wimbledon-1301,Carlos Alcaraz,Nicolas Jarry,3:48:58,4,11,292,2,1,5,5,40,30,2,2,1,153,139,1,0,0,0,1,0,B,0,0,0,0,0,0,0,0,1,0,1,0,0,0,6.414,5.129,2,108.0,BW,NCTL,D,0,0,0,6,0,0.9999990000010001,0.6526315720775624,2,-1,0,2,-0.6004896298387407,-6,0,-0.9999990000010001,0.34736841739612195,0,1,-1,1,1.2980557171362865,1,1
292,2023-wimbledon-1301,Carlos Alcaraz,Nicolas Jarry,3:50:55,4,12,293,2,1,6,5,0,0,1,2,2,153,140,0,0,0,0,0,0,0,0,0,1,0,0,0,0,0,0,0,0,0,0,0,36.084,26.436,8,112.0,B,NCTL,D,0,0,1,7,0,0.9999990000010001,0.6526315720775624,2,1,-1,2,0.9473377919888248,-7,0,-0.9999990000010001,0.34736841739612195,0,-1,-1,1,-0.7136197283910544,0,1
293,2023-wimbledon-1301,Carlos Alcaraz,Nicolas Jarry,3:51:52,4,12,294,2,1,6,5,0,15,1,1,1,154,140,0,0,0,0,0,0,0,0,0,0,0,1,0,1,0,0,0,0,0,0,0,16.595,20.15,5,120.0,C,NCTL,,0,1,0,7,0,0.9999990000010001,0.6526315720775624,4,1,-1,2,1.7713611430012208,-7,0,-0.9999990000010001,0.34736841739612195,0,-1,-1,1,-0.6564686202740118,1,1
294,2023-wimbledon-1301,Carlos Alcaraz,Nicolas Jarry,3:52:30,4,12,295,2,1,6,5,15,15,1,2,1,155,140,0,0,0,0,1,0,F,0,0,0,0,0,1,0,0,0,0,0,0,0,0,27.722,36.86,3,104.0,B,CTL,ND,0,0,0,7,0,0.9999990000010001,0.6526315720775624,4,1,-1,2,1.866810736806865,-7,0,-0.9999990000010001,0.34736841739612195,0,-1,-1,1,-0.5868202604196677,1,1
295,2023-wimbledon-1301,Carlos Alcaraz,Nicolas Jarry,3:53:25,4,12,296,2,1,6,5,30,15,1,1,2,155,141,0,0,0,0,0,0,0,0,0,0,0,1,0,0,0,0,0,0,0,0,0,10.044,9.281,2,130.0,BW,NCTL,ND,0,0,0,7,0,0.9999990000010001,0.6526315720775624,2,1,-1,2,1.1257873360681105,-7,0,-0.9999990000010001,0.34736841739612195,0,-1,-1,1,-0.5868202604196677,0,1
296,2023-wimbledon-1301,Carlos Alcaraz,Nicolas Jarry,3:54:01,4,12,297,2,1,6,5,30,30,1,1,2,155,142,0,0,0,0,0,1,B,0,0,0,0,0,0,0,0,0,0,0,0,0,0,52.318,58.723,14,113.0,BW,NCTL,ND,0,0,1,7,0,0.9999990000010001,0.6526315720775624,2,1,-1,2,0.730043145444061,-7,0,-0.9999990000010001,0.34736841739612195,0,-1,-1,2,-0.869022232815334,0,1
297,2023-wimbledon-1301,Carlos Alcaraz,Nicolas Jarry,3:55:02,4,12,298,2,1,6,5,30,40,1,1,1,156,142,0,0,0,0,0,0,0,0,0,0,0,0,0,0,0,0,1,0,0,0,1,2.056,1.509,1,129.0,B,NCTL,ND,0,0,0,7,0,0.99999950000025,0.6526315720775624,2,1,-1,2,0.7300429381160478,-7,0,-0.99999950000025,0.34736841739612195,0,-1,-1,2,-0.8690220254873209,1,1
298,2023-wimbledon-1301,Carlos Alcaraz,Nicolas Jarry,3:55:34,4,12,299,2,1,6,5,40,40,1,1,1,157,142,0,0,0,0,0,0,0,0,0,0,0,0,0,0,0,0,0,0,0,0,0,12.292,32.582,1,128.0,C,NCTL,ND,0,0,0,7,0,0.99999950000025,0.6526315720775624,4,1,-1,2,1.5666627916413889,-7,0,-0.99999950000025,0.34736841739612195,0,-1,-1,1,-0.6629058634033871,1,1
299,2023-wimbledon-1301,Carlos Alcaraz,Nicolas Jarry,3:56:11,4,12,300,2,1,6,5,AD,40,1,1,1,158,142,1,1,0,0,0,0,0,0,0,0,0,0,0,0,0,0,0,0,0,0,0,3.767,6.518,1,116.0,BW,NCTL,ND,0,0,0,7,0,0.99999950000025,0.6526315720775624,4,1,-1,2,1.6777364766296765,-7,0,-0.99999950000025,0.34736841739612195,0,-1,-1,1,-0.5711370851244915,1,1
