,match_id,player1,player2,elapsed_time,set_no,game_no,point_no,p1_sets,p2_sets,p1_games,p2_games,p1_score,p2_score,server,serve_no,point_victor,p1_points_won,p2_points_won,game_victor,set_victor,p1_ace,p2_ace,p1_winner,p2_winner,winner_shot_type,p1_double_fault,p2_double_fault,p1_unf_err,p2_unf_err,p1_net_pt,p2_net_pt,p1_net_pt_won,p2_net_pt_won,p1_break_pt,p2_break_pt,p1_break_pt_won,p2_break_pt_won,p1_break_pt_missed,p2_break_pt_missed,p1_distance_run,p2_distance_run,rally_count,speed_mph,serve_width,serve_depth,return_depth,race,p1_victor,p1_long_rallies_won,Score Factor,Service Factor,Break Factor,Rally Factor,Points Advantage,Serve Advantage,Unforced Errors,Winners,Momentum,p1_score_diff,momen_diff,fluc_point
0,2023-wimbledon-1701,Carlos Alcaraz,Novak Djokovic,0:00:00,1,1,1,0,0,0,0,0,0,2,1,2,0,1,0,0,0,0,0,0,0,0,0,0,0,0,0,0,0,0,0,0,0,0,0,5.661,4.341,1,111.0,W,CTL,D,0,0,0,0,0,0.0,0.511999995904,-1,-1,0,0,0.0,0.0,0.0,0
1,2023-wimbledon-1701,Carlos Alcaraz,Novak Djokovic,0:00:25,1,1,2,0,0,0,0,0,15,2,1,1,1,1,0,0,0,0,0,0,0,0,0,0,0,0,0,0,0,0,0,0,0,0,0,18.502,22.307,4,126.0,BW,NCTL,ND,0,1,0,0,0,0.0,0.511999995904,0,-1,0,0,0.0,1.0,0.0,0
2,2023-wimbledon-1701,Carlos Alcaraz,Novak Djokovic,0:01:19,1,1,3,0,0,0,0,15,15,2,2,1,2,1,0,0,0,0,1,0,F,0,0,0,0,0,0,0,0,0,0,0,0,0,0,4.786,2.926,2,102.0,BW,NCTL,ND,0,1,0,0,0,0.0,0.511999995904,1,-1,0,1,0.7133926230517227,1.0,0.7133926230517227,0
3,2023-wimbledon-1701,Carlos Alcaraz,Novak Djokovic,0:02:17,1,1,4,0,0,0,0,30,15,2,2,2,2,2,0,0,0,0,0,0,0,0,0,0,0,0,0,0,0,0,0,0,0,0,0,4.907,4.209,1,120.0,BC,CTL,ND,0,0,0,0,0,0.0,0.511999995904,1,-1,0,1,0.7133926230517227,0.0,0.0,1
4,2023-wimbledon-1701,Carlos Alcaraz,Novak Djokovic,0:03:02,1,1,5,0,0,0,0,30,30,2,1,1,3,2,0,0,0,0,0,0,0,0,0,0,1,0,1,0,0,0,0,0,0,0,0,12.881,8.676,2,108.0,W,CTL,ND,0,1,0,0,0,0.0,0.511999995904,1,-1,0,1,1.0714633242252127,1.0,0.35807070117349005,1
5,2023-wimbledon-1701,Carlos Alcaraz,Novak Djokovic,0:03:38,1,1,6,0,0,0,0,40,30,2,1,2,3,3,0,0,0,0,0,0,0,0,0,0,0,0,0,0,0,1,0,0,0,1,0,7.293,7.704,1,127.0,W,NCTL,D,0,0,0,0,0,-0.9999990000010001,0.511999995904,-1,-1,0,0,-0.9530266173325044,0.0,-2.024489941557717,0
6,2023-wimbledon-1701,Carlos Alcaraz,Novak Djokovic,0:04:05,1,1,7,0,0,0,0,40,40,2,1,2,3,4,0,0,0,0,0,1,F,0,0,0,0,0,1,0,1,0,0,0,0,0,0,23.283,19.531,5,111.0,W,CTL,ND,0,0,0,0,0,-0.9999990000010001,0.511999995904,-1,-1,0,0,-1.3708601041934847,0.0,-0.4178334868609803,1
7,2023-wimbledon-1701,Carlos Alcaraz,Novak Djokovic,0:04:41,1,1,8,0,0,0,0,40,AD,2,1,1,4,4,0,0,0,0,0,0,0,0,0,0,0,0,0,0,0,0,0,0,0,0,0,23.179,24.58,6,124.0,BW,NCTL,D,0,1,1,0,0,-0.9999990000010001,0.511999995904,-1,-1,0,0,-1.3708601041934847,1.0,0.0,0
8,2023-wimbledon-1701,Carlos Alcaraz,Novak Djokovic,0:06:03,1,1,9,0,0,0,0,40,40,2,1,2,4,5,0,0,0,0,0,0,0,0,0,1,0,0,0,0,0,0,0,0,0,0,0,29.115,28.599,7,127.0,C,NCTL,D,0,0,0,0,0,0.0,0.511999995904,-1,-1,-1,0,-1.508749520626488,0.0,-0.13788941643300334,0
9,2023-wimbledon-1701,Carlos Alcaraz,Novak Djokovic,0:06:43,1,1,10,0,0,0,0,40,AD,2,1,2,4,6,2,0,0,0,0,0,0,0,0,0,0,0,0,0,0,0,0,0,0,0,0,8.941,7.816,1,125.0,W,CTL,ND,0,0,0,0,0,0.0,0.511999995904,-1,-1,-1,0,-1.508749520626488,0.0,0.0,0
10,2023-wimbledon-1701,Carlos Alcaraz,Novak Djokovic,0:08:02,1,2,11,0,0,0,1,0,0,1,1,2,4,7,0,0,0,0,0,0,0,0,0,1,0,0,0,0,0,0,0,0,0,0,0,5.54,10.329,2,123.0,BW,NCTL,ND,0,0,0,-1,0,0.0,0.511999995904,-3,1,-2,0,-3.3405689736337316,0.0,-1.8318194530072436,0
11,2023-wimbledon-1701,Carlos Alcaraz,Novak Djokovic,0:08:28,1,2,12,0,0,0,1,0,15,1,1,2,4,8,0,0,0,0,0,1,F,0,0,0,0,0,0,0,0,0,0,0,0,0,0,16.819,20.001,6,119.0,C,NCTL,ND,0,0,0,-1,0,0.0,0.511999995904,-3,1,-1,0,-3.27675617707008,0.0,0.06381279656365146,0
12,2023-wimbledon-1701,Carlos Alcaraz,Novak Djokovic,0:09:22,1,2,13,0,0,0,1,0,30,1,2,2,4,9,0,0,0,0,0,0,0,0,0,1,0,0,0,0,0,0,0,0,0,0,0,21.482,23.589,6,107.0,B,NCTL,D,0,0,0,-1,0,0.0,0.511999995904,-3,1,-2,0,-3.698971720777334,0.0,-0.4222155437072539,0
13,2023-wimbledon-1701,Carlos Alcaraz,Novak Djokovic,0:10:25,1,2,14,0,0,0,1,0,40,1,1,1,5,9,0,0,0,0,0,0,0,0,0,0,0,0,0,0,0,0,1,0,0,0,1,9.876,15.338,3,121.0,C,CTL,ND,0,1,0,-1,0,0.9999990000010001,0.511999995904,-1,1,-1,0,0.020841184606362917,1.0,3.719812905383697,0
14,2023-wimbledon-1701,Carlos Alcaraz,Novak Djokovic,0:10:57,1,2,15,0,0,0,1,15,40,1,1,1,6,9,0,0,0,0,1,0,F,0,0,0,0,0,0,0,0,0,1,0,0,0,1,7.638,7.393,3,128.0,BC,NCTL,ND,0,1,0,-1,0,0.99999950000025,0.511999995904,1,1,-1,1,2.7514834271595436,1.0,2.7306422425531807,1
15,2023-wimbledon-1701,Carlos Alcaraz,Novak Djokovic,0:11:29,1,2,16,0,0,0,1,30,40,1,2,2,6,10,2,0,0,0,0,0,0,0,0,0,0,0,0,0,0,0,1,0,1,0,0,21.88,18.532,4,101.0,BW,NCTL,D,0,0,0,-1,0,0.33333322222225925,0.511999995904,1,1,0,1,1.5007913481119872,0.0,-1.2506920790475564,0
16,2023-wimbledon-1701,Carlos Alcaraz,Novak Djokovic,0:12:45,1,3,17,0,0,0,2,0,0,2,1,2,6,11,0,0,0,0,0,0,0,0,0,1,0,1,0,0,0,0,0,0,0,0,0,20.078,18.607,5,122.0,C,NCTL,D,0,0,0,-2,0,0.0,0.511999995904,-1,-1,-1,1,-1.2979888613276211,0.0,-2.7987802094396086,0
17,2023-wimbledon-1701,Carlos Alcaraz,Novak Djokovic,0:13:23,1,3,18,0,0,0,2,0,15,2,2,1,7,11,0,0,0,0,0,0,0,0,0,0,1,0,0,0,0,0,0,0,0,0,0,29.805,34.701,8,107.0,C,NCTL,D,0,1,1,-2,0,-0.9999990000010001,0.511999995904,-1,-1,-1,0,-0.8488963191091718,1.0,0.4490925422184493,1
18,2023-wimbledon-1701,Carlos Alcaraz,Novak Djokovic,0:14:24,1,3,19,0,0,0,2,15,15,2,2,1,8,11,0,0,0,0,0,0,0,0,0,0,0,0,0,0,0,0,0,0,0,0,0,31.981,29.821,8,85.0,C,NCTL,D,0,1,1,-2,0,0.0,0.511999995904,1,-1,-1,0,1.2804539024695205,1.0,2.1293502215786924,0
19,2023-wimbledon-1701,Carlos Alcaraz,Novak Djokovic,0:15:30,1,3,20,0,0,0,2,30,15,2,2,2,8,12,0,0,0,0,0,0,0,0,0,0,0,0,1,0,1,0,0,0,0,0,0,93.364,89.698,21,88.0,BW,NCTL,ND,0,0,0,-2,0,0.0,0.511999995904,1,-1,0,0,0.5655263106546339,0.0,-0.7149275918148866,0
20,2023-wimbledon-1701,Carlos Alcaraz,Novak Djokovic,0:17:03,1,3,21,0,0,0,2,30,30,2,1,2,8,13,0,0,0,0,0,0,0,0,0,0,0,0,1,0,1,0,0,0,0,0,0,48.241,32.83,5,121.0,C,NCTL,ND,0,0,0,-2,0,0.0,0.511999995904,-1,-1,0,0,-1.2787741965640012,0.0,-1.8443005072186351,0
21,2023-wimbledon-1701,Carlos Alcaraz,Novak Djokovic,0:18:02,1,3,22,0,0,0,2,30,40,2,1,2,8,14,2,0,0,1,0,1,0,0,0,0,0,0,0,0,0,0,0,0,0,0,0,0.669,0.492,1,121.0,C,NCTL,,1,0,0,-2,-1,0.0,0.511999995904,-3,-1,0,0,-3.254096314182271,0.0,-1.9753221176182698,0
22,2023-wimbledon-1701,Carlos Alcaraz,Novak Djokovic,0:19:49,1,4,23,0,0,0,3,0,0,1,1,2,8,15,0,0,0,0,0,0,0,0,0,0,0,0,0,0,0,0,0,0,0,0,0,12.278,14.266,2,108.0,W,CTL,D,0,0,0,-3,-1,0.0,0.511999995904,-3,1,0,0,-2.6723638640393097,0.0,0.5817324501429613,0
23,2023-wimbledon-1701,Carlos Alcaraz,Novak Djokovic,0:20:15,1,4,24,0,0,0,3,0,15,1,1,1,9,15,0,0,0,0,0,0,0,0,0,0,0,0,0,0,0,0,0,0,0,0,0,2.783,7.056,1,128.0,BW,NCTL,ND,0,1,0,-3,-1,0.0,0.511999995904,-1,1,0,0,-0.13672965211942,1.0,2.5356342119198896,0
24,2023-wimbledon-1701,Carlos Alcaraz,Novak Djokovic,0:20:38,1,4,25,0,0,0,3,15,15,1,1,2,9,16,0,0,0,0,0,0,0,0,0,0,0,0,0,0,0,0,0,0,0,0,0,30.865,26.119,6,128.0,C,NCTL,D,0,0,0,-3,0,0.0,0.511999995904,-1,1,0,0,-0.5602644091725806,0.0,-0.42353475705316057,0
25,2023-wimbledon-1701,Carlos Alcaraz,Novak Djokovic,0:21:15,1,4,26,0,0,0,3,15,30,1,1,2,9,17,0,0,0,0,0,0,0,0,0,1,0,0,0,0,0,0,0,0,0,0,0,27.744,38.992,8,117.0,C,NCTL,D,0,0,0,-3,0,0.0,0.511999995904,-1,1,-1,0,-0.10150391160134864,0.0,0.45876049757123194,0
26,2023-wimbledon-1701,Carlos Alcaraz,Novak Djokovic,0:21:55,1,4,27,0,0,0,3,15,40,1,2,1,10,17,0,0,0,0,0,0,0,0,0,0,0,0,0,0,0,0,1,0,0,0,1,12.367,12.258,3,110.0,B,CTL,D,0,1,0,-3,0,0.9999990000010001,0.511999995904,-1,1,-1,0,0.21027161096168911,1.0,0.31177552256303775,1
27,2023-wimbledon-1701,Carlos Alcaraz,Novak Djokovic,0:22:36,1,4,28,0,0,0,3,30,40,1,1,1,11,17,0,0,0,0,1,0,0,0,0,0,0,0,0,0,0,0,1,0,0,0,1,5.683,5.84,1,128.0,BW,CTL,ND,0,1,0,-3,0,0.99999950000025,0.511999995904,1,1,-1,1,2.260030693457229,1.0,2.04975908249554,0
28,2023-wimbledon-1701,Carlos Alcaraz,Novak Djokovic,0:23:16,1,4,29,0,0,0,3,40,40,1,2,2,11,18,0,0,0,0,0,0,0,0,0,0,0,0,0,0,0,0,0,0,0,0,0,35.456,41.723,10,98.0,C,NCTL,ND,0,0,0,-3,0,0.99999950000025,0.511999995904,1,1,0,1,0.9346863400350907,0.0,-1.3253443534221383,1
29,2023-wimbledon-1701,Carlos Alcaraz,Novak Djokovic,0:24:11,1,4,30,0,0,0,3,40,AD,1,2,2,11,19,2,0,0,0,0,0,0,0,0,0,0,0,0,0,0,0,1,0,1,0,0,11.067,10.59,2,95.0,BW,NCTL,ND,0,0,0,-3,0,0.0,0.511999995904,-1,1,0,1,-1.126078905037933,0.0,-2.0607652450730236,1
30,2023-wimbledon-1701,Carlos Alcaraz,Novak Djokovic,0:25:06,1,5,31,0,0,0,4,0,0,2,1,2,11,20,0,0,0,0,0,0,0,0,0,0,0,0,0,0,0,0,0,0,0,0,0,5.873,3.741,1,108.0,W,CTL,D,0,0,0,-4,0,-0.9999990000010001,0.511999995904,-3,-1,0,0,-3.395900579422436,0.0,-2.269821674384503,1
31,2023-wimbledon-1701,Carlos Alcaraz,Novak Djokovic,0:25:28,1,5,32,0,0,0,4,0,15,2,1,2,11,21,0,0,0,0,0,0,0,0,0,1,0,0,0,0,0,0,0,0,0,0,0,13.029,12.57,3,126.0,W,CTL,D,0,0,0,-4,0,-0.9999990000010001,0.511999995904,-3,-1,-1,0,-2.7709100092206214,0.0,0.6249905702018146,0
32,2023-wimbledon-1701,Carlos Alcaraz,Novak Djokovic,0:25:57,1,5,33,0,0,0,4,0,30,2,1,1,12,21,0,0,0,0,1,0,B,0,0,0,0,0,1,0,0,0,0,0,0,0,0,13.896,16.397,4,111.0,BW,NCTL,ND,0,1,0,-4,0,0.0,0.511999995904,-1,-1,-1,1,-0.7413960102650257,1.0,2.0295139989555957,0
33,2023-wimbledon-1701,Carlos Alcaraz,Novak Djokovic,0:26:33,1,5,34,0,0,0,4,15,30,2,1,2,12,22,0,0,0,0,0,0,0,0,0,1,0,0,0,0,0,0,0,0,0,0,0,26.566,27.069,5,125.0,W,CTL,D,0,0,0,-4,0,0.0,0.511999995904,-1,-1,-2,1,0.08500240383295635,0.0,0.826398414097982,0
34,2023-wimbledon-1701,Carlos Alcaraz,Novak Djokovic,0:27:10,1,5,35,0,0,0,4,15,40,2,1,2,12,23,2,0,0,0,0,1,F,0,0,0,0,0,1,0,1,0,0,0,0,0,0,14.297,10.323,3,121.0,C,NCTL,,0,0,0,-4,0,0.0,0.511999995904,-1,-1,-1,1,-0.9375924467914962,0.0,-1.0225948506244527,0
35,2023-wimbledon-1701,Carlos Alcaraz,Novak Djokovic,0:28:47,1,6,36,0,0,0,5,0,0,1,1,1,13,23,0,0,0,0,1,0,F,0,0,0,0,1,0,1,0,0,0,0,0,0,0,9.156,12.607,3,129.0,C,NCTL,,0,1,0,-5,0,0.0,0.511999995904,-1,1,-1,1,0.08804080488937366,1.0,1.02563325168087,1
36,2023-wimbledon-1701,Carlos Alcaraz,Novak Djokovic,0:29:15,1,6,37,0,0,0,5,15,0,1,1,1,14,23,0,0,0,0,0,0,0,0,0,0,0,0,0,0,0,0,0,0,0,0,0,9.453,10.305,1,131.0,W,CTL,D,0,1,0,-5,0,0.0,0.511999995904,1,1,0,1,1.353529262467035,1.0,1.2654884575776613,0
37,2023-wimbledon-1701,Carlos Alcaraz,Novak Djokovic,0:29:37,1,6,38,0,0,0,5,30,0,1,2,2,14,24,0,0,0,0,0,0,0,0,0,1,0,0,0,0,0,0,0,0,0,0,0,6.807,10.082,2,103.0,BC,NCTL,ND,0,0,0,-5,0,0.0,0.511999995904,1,1,-1,1,1.5140779450782116,0.0,0.1605486826111766,0
38,2023-wimbledon-1701,Carlos Alcaraz,Novak Djokovic,0:30:15,1,6,39,0,0,0,5,30,15,1,2,2,14,25,0,0,0,0,0,0,0,1,0,1,0,0,0,0,0,0,0,0,0,0,0,1.076,2.058,0,,C,CTL,,0,0,0,-5,-1,0.0,0.511999995904,-1,1,-2,0,-0.028450508715904155,0.0,-1.5425284537941157,1
39,2023-wimbledon-1701,Carlos Alcaraz,Novak Djokovic,0:30:55,1,6,40,0,0,0,5,30,30,1,1,1,15,25,0,0,0,0,1,0,F,0,0,0,0,1,0,1,0,0,0,0,0,0,0,33.492,57.879,9,130.0,B,NCTL,D,0,1,1,-5,-1,0.0,0.511999995904,-1,1,-2,1,0.32038818364198113,1.0,0.3488386923578853,0
40,2023-wimbledon-1701,Carlos Alcaraz,Novak Djokovic,0:31:36,1,6,41,0,0,0,5,40,30,1,1,1,16,25,1,0,0,0,1,0,F,0,0,0,0,0,1,0,0,0,0,0,0,0,0,16.193,17.993,5,118.0,C,NCTL,D,0,1,1,-5,-1,0.0,0.511999995904,1,1,-1,2,1.689184981618574,1.0,1.368796797976593,0
41,2023-wimbledon-1701,Carlos Alcaraz,Novak Djokovic,0:32:28,1,7,42,0,0,1,5,0,0,2,1,2,16,26,0,0,0,0,0,0,0,0,0,0,0,0,0,0,0,0,0,0,0,0,0,31.957,36.872,9,117.0,C,NCTL,D,0,0,0,-4,0,0.0,0.511999995904,1,-1,0,2,-0.1802552242863304,0.0,-1.8694402059049045,0
42,2023-wimbledon-1701,Carlos Alcaraz,Novak Djokovic,0:33:11,1,7,43,0,0,1,5,0,15,2,2,2,16,27,0,0,0,0,0,0,0,0,0,0,0,0,1,0,1,0,0,0,0,0,0,8.491,10.737,3,110.0,C,NCTL,ND,0,0,0,-4,0,0.0,0.511999995904,-1,-1,0,1,-1.4904041395456584,0.0,-1.310148915259328,0
43,2023-wimbledon-1701,Carlos Alcaraz,Novak Djokovic,0:33:55,1,7,44,0,0,1,5,0,30,2,1,2,16,28,0,0,0,0,0,0,0,0,0,0,0,0,0,0,0,0,0,0,0,0,0,4.404,3.146,1,120.0,C,NCTL,ND,0,0,0,-4,0,0.0,0.511999995904,-3,-1,0,0,-2.857319434575118,0.0,-1.3669152950294596,0
44,2023-wimbledon-1701,Carlos Alcaraz,Novak Djokovic,0:34:19,1,7,45,0,0,1,5,0,40,2,1,2,16,29,2,2,0,0,0,1,F,0,0,0,0,0,1,0,1,0,0,0,0,0,0,13.498,14.462,5,125.0,W,CTL,ND,0,0,0,-4,0,0.0,0.511999995904,-3,-1,0,0,-2.910652623606365,0.0,-0.05333318903124695,0
45,2023-wimbledon-1701,Carlos Alcaraz,Novak Djokovic,0:36:28,2,1,46,0,1,0,0,0,0,1,1,1,17,29,0,0,0,0,0,0,0,0,0,0,0,1,0,1,0,0,0,0,0,0,0,24.951,17.213,3,114.0,W,CTL,ND,0,1,0,-6,0,0.0,0.511999995904,-1,1,0,0,-0.4407141167323199,1.0,2.469938506874045,1
46,2023-wimbledon-1701,Carlos Alcaraz,Novak Djokovic,0:36:58,2,1,47,0,1,0,0,15,0,1,1,2,17,30,0,0,0,0,0,0,0,0,0,0,0,0,1,0,1,0,0,0,0,0,0,34.923,42.752,6,129.0,W,NCTL,ND,0,0,0,-6,0,0.0,0.511999995904,-1,1,0,0,-0.4407141167323199,0.0,0.0,0
47,2023-wimbledon-1701,Carlos Alcaraz,Novak Djokovic,0:37:34,2,1,48,0,1,0,0,15,15,1,1,1,18,30,0,0,0,0,0,0,0,0,0,0,0,1,0,1,0,0,0,0,0,0,0,19.28,18.009,5,126.0,B,CTL,ND,0,1,1,-6,0,0.0,0.511999995904,1,1,0,0,1.289041377675131,1.0,1.729755494407451,0
48,2023-wimbledon-1701,Carlos Alcaraz,Novak Djokovic,0:38:07,2,1,49,0,1,0,0,30,15,1,1,1,19,30,0,0,0,0,0,0,0,0,0,0,0,1,0,1,0,0,0,0,0,0,0,5.36,5.703,1,117.0,W,NCTL,ND,0,1,0,-6,0,0.0,0.511999995904,1,1,0,0,1.3382017933892243,1.0,0.04916041571409324,0
49,2023-wimbledon-1701,Carlos Alcaraz,Novak Djokovic,0:38:34,2,1,50,0,1,0,0,40,15,1,1,1,20,30,1,0,0,0,0,0,0,0,0,0,0,0,0,0,0,0,0,0,0,0,0,9.236,8.897,1,126.0,BC,NCTL,ND,0,1,0,-6,0,0.0,0.511999995904,3,1,0,0,3.1368272187559967,1.0,1.7986254253667724,0
50,2023-wimbledon-1701,Carlos Alcaraz,Novak Djokovic,0:39:35,2,2,51,0,1,1,0,0,0,2,2,1,21,30,0,0,0,0,0,0,0,0,1,0,1,0,0,0,0,0,0,0,0,0,0,1.424,0.9,0,,BC,NCTL,,0,1,0,-5,1,0.0,0.511999995904,3,-1,0,0,2.3025734222372294,1.0,-0.8342537965187673,0
51,2023-wimbledon-1701,Carlos Alcaraz,Novak Djokovic,0:40:32,2,2,52,0,1,1,0,15,0,2,2,1,22,30,0,0,0,0,0,0,0,0,0,0,0,0,0,0,0,0,0,0,0,0,0,20.745,25.107,6,94.0,B,NCTL,ND,0,1,1,-5,1,0.0,0.511999995904,3,-1,0,0,2.4002124300768575,1.0,0.09763900783962809,0
52,2023-wimbledon-1701,Carlos Alcaraz,Novak Djokovic,0:41:29,2,2,53,0,1,1,0,30,0,2,1,2,22,31,0,0,0,0,0,1,B,0,0,0,0,0,1,0,1,0,0,0,0,0,0,24.814,18.005,5,111.0,BW,NCTL,ND,0,0,0,-5,1,0.0,0.511999995904,1,-1,0,0,0.12768749350432612,0.0,-2.2725249365725313,0
53,2023-wimbledon-1701,Carlos Alcaraz,Novak Djokovic,0:42:10,2,2,54,0,1,1,0,30,15,2,2,2,22,32,0,0,0,0,0,1,F,0,0,0,0,0,1,0,1,0,0,0,0,0,0,33.497,30.332,9,107.0,C,NCTL,D,0,0,0,-5,0,0.0,0.511999995904,-1,-1,0,0,-1.302450417874461,0.0,-1.430137911378787,1
54,2023-wimbledon-1701,Carlos Alcaraz,Novak Djokovic,0:43:16,2,2,55,0,1,1,0,30,30,2,2,2,22,33,0,0,0,0,0,0,0,0,0,1,0,0,0,0,0,0,0,0,0,0,0,3.971,3.523,1,94.0,BW,NCTL,D,0,0,0,-5,0,0.0,0.511999995904,-3,-1,-1,0,-2.6692087883866624,0.0,-1.3667583705122015,0
55,2023-wimbledon-1701,Carlos Alcaraz,Novak Djokovic,0:44:16,2,2,56,0,1,1,0,30,40,2,2,1,23,33,0,0,0,0,1,0,F,0,0,0,0,0,0,0,0,0,0,0,0,0,0,35.076,43.824,10,86.0,B,NCTL,D,0,1,1,-5,0,0.0,0.511999995904,-1,-1,-1,1,-1.1463506806448092,1.0,1.5228581077418533,0
56,2023-wimbledon-1701,Carlos Alcaraz,Novak Djokovic,0:45:23,2,2,57,0,1,1,0,40,40,2,2,1,24,33,0,0,0,0,0,0,0,0,0,0,1,0,1,0,0,0,0,0,0,0,0,16.727,15.5,2,104.0,W,CTL,ND,0,1,0,-5,0,0.0,0.511999995904,1,-1,-1,1,0.8478131811628747,1.0,1.9941638618076838,1
57,2023-wimbledon-1701,Carlos Alcaraz,Novak Djokovic,0:46:38,2,2,58,0,1,1,0,AD,40,2,1,2,24,34,0,0,0,0,0,0,0,0,0,0,0,0,0,0,0,1,0,0,0,1,0,7.052,6.806,1,118.0,BC,NCTL,D,0,0,0,-5,0,-0.9999990000010001,0.511999995904,1,-1,0,1,0.26882849377201246,0.0,-0.5789846873908623,0
58,2023-wimbledon-1701,Carlos Alcaraz,Novak Djokovic,0:47:10,2,2,59,0,1,1,0,40,40,2,1,1,25,34,0,0,0,0,0,0,0,0,0,0,1,0,1,0,0,0,0,0,0,0,0,31.842,31.118,8,113.0,W,NCTL,ND,0,1,1,-5,0,-0.9999990000010001,0.511999995904,1,-1,0,0,0.7915428995771818,1.0,0.5227144058051694,0
59,2023-wimbledon-1701,Carlos Alcaraz,Novak Djokovic,0:48:01,2,2,60,0,1,1,0,AD,40,2,1,1,26,34,1,0,0,0,0,0,0,0,0,0,1,0,0,0,0,1,0,1,0,0,0,23.419,14.041,4,116.0,C,CTL,ND,0,1,0,-5,0,0.0,0.511999995904,1,-1,0,0,0.7244481158477806,1.0,-0.06709478372940125,0
60,2023-wimbledon-1701,Carlos Alcaraz,Novak Djokovic,0:48:48,2,3,61,0,1,2,0,0,0,1,2,2,26,35,0,0,0,0,0,0,0,1,0,1,0,0,0,0,0,0,0,0,0,0,0,5.897,5.002,0,,B,CTL,ND,0,0,0,-4,-1,0.9999990000010001,0.511999995904,1,1,-1,0,2.3404232990580307,0.0,1.6159751832102502,0
61,2023-wimbledon-1701,Carlos Alcaraz,Novak Djokovic,0:49:32,2,3,62,0,1,2,0,0,15,1,2,1,27,35,0,0,0,0,1,0,F,0,0,0,0,1,0,1,0,0,0,0,0,0,0,22.24,23.472,7,93.0,B,NCTL,ND,0,1,1,-4,-1,0.9999990000010001,0.511999995904,1,1,-1,1,2.0748833961005024,1.0,-0.2655399029575283,0
62,2023-wimbledon-1701,Carlos Alcaraz,Novak Djokovic,0:50:22,2,3,63,0,1,2,0,15,15,1,1,1,28,35,0,0,0,0,1,0,F,0,0,0,0,0,0,0,0,0,0,0,0,0,0,70.345,65.676,19,125.0,B,NCTL,ND,0,1,1,-4,-1,0.0,0.511999995904,1,1,-1,2,1.9478044307619724,1.0,-0.12707896533853003,0
63,2023-wimbledon-1701,Carlos Alcaraz,Novak Djokovic,0:51:25,2,3,64,0,1,2,0,30,15,1,1,2,28,36,0,0,0,0,0,1,F,0,0,0,0,1,0,0,0,0,0,0,0,0,0,23.891,17.817,4,120.0,W,NCTL,,0,0,0,-4,0,0.0,0.511999995904,1,1,0,2,0.7541190212534685,0.0,-1.1936854095085039,0
64,2023-wimbledon-1701,Carlos Alcaraz,Novak Djokovic,0:52:06,2,3,65,0,1,2,0,30,30,1,2,1,29,36,0,0,0,0,0,0,0,0,0,0,0,0,0,0,0,0,0,0,0,0,0,9.203,8.788,1,112.0,BC,NCTL,D,0,1,0,-4,0,0.0,0.511999995904,1,1,0,1,1.1449651677663653,1.0,0.39084614651289673,0
65,2023-wimbledon-1701,Carlos Alcaraz,Novak Djokovic,0:52:49,2,3,66,0,1,2,0,40,30,1,1,2,29,37,0,0,0,0,0,0,0,0,0,1,0,0,0,0,0,0,0,0,0,0,0,37.449,35.296,8,122.0,C,NCTL,D,0,0,0,-4,0,0.0,0.511999995904,-1,1,-1,0,-0.18763691587252151,0.0,-1.3326020836388868,0
66,2023-wimbledon-1701,Carlos Alcaraz,Novak Djokovic,0:53:31,2,3,67,0,1,2,0,40,40,1,1,2,29,38,0,0,0,0,0,0,0,0,0,0,0,0,1,0,1,0,0,0,0,0,0,17.41,29.453,4,115.0,BC,CTL,ND,0,0,0,-4,0,0.0,0.511999995904,-1,1,-1,0,-0.2912817099767684,0.0,-0.10364479410424687,0
67,2023-wimbledon-1701,Carlos Alcaraz,Novak Djokovic,0:54:08,2,3,68,0,1,2,0,40,AD,1,2,2,29,39,2,0,0,0,0,0,0,0,0,1,0,0,0,0,0,0,1,0,1,0,0,40.601,51.537,14,92.0,BW,NCTL,ND,0,0,0,-4,0,-0.9999990000010001,0.511999995904,-3,1,-2,0,-2.0719381024169348,0.0,-1.7806563924401664,1
68,2023-wimbledon-1701,Carlos Alcaraz,Novak Djokovic,0:56:40,2,4,69,0,1,2,1,0,0,2,1,1,30,39,0,0,0,0,0,0,0,0,0,0,1,0,1,0,0,0,0,0,0,0,0,23.385,16.1,4,109.0,W,CTL,ND,0,1,0,-5,0,-0.9999990000010001,0.511999995904,-1,-1,-1,0,-0.6301819842068586,1.0,1.4417561182100762,0
69,2023-wimbledon-1701,Carlos Alcaraz,Novak Djokovic,0:57:17,2,4,70,0,1,2,1,15,0,2,2,1,31,39,0,0,0,0,0,0,0,0,0,0,0,0,0,0,0,0,0,0,0,0,0,35.028,25.613,6,109.0,C,NCTL,ND,0,1,1,-5,0,-0.9999990000010001,0.511999995904,1,-1,-1,0,1.7100621077392968,1.0,2.3402440919461553,0
70,2023-wimbledon-1701,Carlos Alcaraz,Novak Djokovic,0:58:25,2,4,71,0,1,2,1,30,0,2,2,2,31,40,0,0,0,0,0,0,0,0,0,1,0,1,0,0,0,0,0,0,0,0,0,15.211,15.539,3,92.0,BC,NCTL,D,0,0,0,-5,0,0.0,0.511999995904,1,-1,-1,0,1.0336062046599854,0.0,-0.6764559030793114,0
71,2023-wimbledon-1701,Carlos Alcaraz,Novak Djokovic,0:59:14,2,4,72,0,1,2,1,30,15,2,1,2,31,41,0,0,0,0,0,0,0,0,0,0,0,0,0,0,0,0,0,0,0,0,0,4.333,4.169,1,121.0,BW,CTL,D,0,0,0,-5,0,0.0,0.511999995904,-1,-1,-1,0,-1.0764194173627102,0.0,-2.110025622022696,0
72,2023-wimbledon-1701,Carlos Alcaraz,Novak Djokovic,1:00:04,2,4,73,0,1,2,1,30,30,2,2,1,32,41,0,0,0,0,0,0,0,0,0,0,0,0,0,0,0,0,0,0,0,0,0,7.486,6.882,2,99.0,BW,NCTL,D,0,1,0,-5,0,0.0,0.511999995904,-1,-1,-1,0,-1.0764194173627102,1.0,0.0,0
73,2023-wimbledon-1701,Carlos Alcaraz,Novak Djokovic,1:01:00,2,4,74,0,1,2,1,40,30,2,1,2,32,42,0,0,0,0,0,0,0,0,0,1,0,0,0,0,0,1,0,0,0,1,0,120.712,93.426,29,118.0,BW,NCTL,ND,0,0,0,-5,0,-0.9999990000010001,0.511999995904,-1,-1,-1,0,-0.7328492747407382,0.0,0.34357014262197194,0
74,2023-wimbledon-1701,Carlos Alcaraz,Novak Djokovic,1:02:27,2,4,75,0,1,2,1,40,40,2,1,2,32,43,0,0,0,0,0,1,F,0,0,0,0,0,1,0,1,0,0,0,0,0,0,23.661,26.537,5,110.0,C,NCTL,D,0,0,0,-5,0,-0.9999990000010001,0.511999995904,-1,-1,-1,0,-0.8801192389009126,0.0,-0.14726996416017435,0
75,2023-wimbledon-1701,Carlos Alcaraz,Novak Djokovic,1:03:10,2,4,76,0,1,2,1,40,AD,2,1,2,32,44,2,0,0,0,0,0,0,0,0,0,0,0,0,0,0,0,0,0,0,0,0,5.38,4.131,1,122.0,W,CTL,ND,0,0,0,-5,0,-0.9999990000010001,0.511999995904,-3,-1,-1,0,-2.956292170040951,0.0,-2.0761729311400385,0
76,2023-wimbledon-1701,Carlos Alcaraz,Novak Djokovic,1:03:48,2,5,77,0,1,2,2,0,0,1,2,2,32,45,0,0,0,0,0,0,0,0,0,1,0,0,0,0,0,0,0,0,0,0,0,38.935,38.632,10,105.0,B,NCTL,ND,0,0,0,-6,0,0.0,0.511999995904,-3,1,-1,0,-2.4182564613136353,0.0,0.5380357087273158,1
77,2023-wimbledon-1701,Carlos Alcaraz,Novak Djokovic,1:04:49,2,5,78,0,1,2,2,0,15,1,1,1,33,45,0,0,0,0,1,0,0,0,0,0,0,0,0,0,0,0,0,0,0,0,0,6.85,4.499,1,126.0,W,CTL,,0,1,0,-6,0,0.0,0.511999995904,-1,1,-1,1,-0.4818911782044732,1.0,1.936365283109162,0
78,2023-wimbledon-1701,Carlos Alcaraz,Novak Djokovic,1:05:15,2,5,79,0,1,2,2,15,15,1,1,1,34,45,0,0,0,0,0,0,0,0,0,0,1,0,0,0,0,0,0,0,0,0,0,9.265,19.026,3,113.0,W,NCTL,D,0,1,0,-6,0,0.0,0.511999995904,1,1,-1,1,1.6415600121316045,1.0,2.1234511903360778,0
79,2023-wimbledon-1701,Carlos Alcaraz,Novak Djokovic,1:05:42,2,5,80,0,1,2,2,30,15,1,1,1,35,45,0,0,0,0,0,0,0,0,0,0,0,1,0,1,0,0,0,0,0,0,0,28.725,24.977,7,126.0,C,NCTL,ND,0,1,1,-6,0,0.0,0.511999995904,3,1,0,1,3.4148917027134584,1.0,1.773331690581854,0
80,2023-wimbledon-1701,Carlos Alcaraz,Novak Djokovic,1:06:16,2,5,81,0,1,2,2,40,15,1,1,2,35,46,0,0,0,0,0,0,0,0,0,0,0,0,0,0,0,0,0,0,0,0,0,6.492,6.408,2,132.0,C,NCTL,D,0,0,0,-6,0,0.0,0.511999995904,1,1,0,0,1.2568260275702152,0.0,-2.158065675143243,0
81,2023-wimbledon-1701,Carlos Alcaraz,Novak Djokovic,1:06:42,2,5,82,0,1,2,2,40,30,1,1,2,35,47,0,0,0,0,0,0,0,0,0,0,0,0,1,0,1,0,0,0,0,0,0,42.899,46.159,10,128.0,BW,NCTL,D,0,0,0,-6,0,0.0,0.511999995904,-1,1,0,0,-0.7829851642799919,0.0,-2.039811191850207,0
82,2023-wimbledon-1701,Carlos Alcaraz,Novak Djokovic,1:07:32,2,5,83,0,1,2,2,40,40,1,1,1,36,47,0,0,0,0,1,0,B,0,0,0,0,1,0,1,0,0,0,0,0,0,0,21.602,43.401,5,116.0,B,NCTL,ND,0,1,1,-6,0,0.0,0.511999995904,-1,1,0,1,-0.5643172197378787,1.0,0.21866794454211314,0
83,2023-wimbledon-1701,Carlos Alcaraz,Novak Djokovic,1:08:08,2,5,84,0,1,2,2,AD,40,1,1,2,36,48,0,0,0,0,0,1,F,0,0,0,0,0,0,0,0,0,0,0,0,0,0,10.362,11.423,4,123.0,C,CTL,D,0,0,0,-6,0,0.0,0.511999995904,-1,1,0,1,-0.6960116844647195,0.0,-0.13169446472684077,0
84,2023-wimbledon-1701,Carlos Alcaraz,Novak Djokovic,1:08:35,2,5,85,0,1,2,2,40,40,1,2,1,37,48,0,0,0,0,0,0,0,0,0,0,0,0,0,0,0,0,0,0,0,0,0,3.258,3.384,1,124.0,BC,NCTL,ND,0,1,0,-6,0,0.0,0.511999995904,1,1,0,1,1.2842346370808684,1.0,1.9802463215455879,0
85,2023-wimbledon-1701,Carlos Alcaraz,Novak Djokovic,1:09:18,2,5,86,0,1,2,2,AD,40,1,1,1,38,48,1,0,0,0,0,0,0,0,0,0,1,0,0,0,0,0,0,0,0,0,0,12.167,14.734,3,115.0,B,CTL,ND,0,1,0,-6,0,0.0,0.511999995904,1,1,0,0,1.2922097424413255,1.0,0.007975105360457091,0
86,2023-wimbledon-1701,Carlos Alcaraz,Novak Djokovic,1:11:20,2,6,87,0,1,3,2,0,0,2,1,1,39,48,0,0,0,0,1,0,B,0,0,0,0,0,1,0,0,0,0,0,0,0,0,66.55,79.221,18,122.0,C,CTL,D,0,1,1,-5,0,0.0,0.511999995904,3,-1,0,1,2.557352535845782,1.0,1.2651427934044563,1
87,2023-wimbledon-1701,Carlos Alcaraz,Novak Djokovic,1:12:26,2,6,88,0,1,3,2,15,0,2,2,1,40,48,0,0,0,0,1,0,B,0,0,0,0,0,0,0,0,0,0,0,0,0,0,29.367,32.868,10,95.0,BW,NCTL,ND,0,1,1,-5,0,0.0,0.511999995904,3,-1,0,2,2.639602639906612,1.0,0.08225010406083033,1
88,2023-wimbledon-1701,Carlos Alcaraz,Novak Djokovic,1:13:52,2,6,89,0,1,3,2,30,0,2,2,2,40,49,0,0,0,0,0,0,0,0,0,0,0,0,0,0,0,0,0,0,0,0,0,4.812,4.053,1,101.0,BW,NCTL,D,0,0,0,-5,0,0.0,0.511999995904,1,-1,0,2,0.16719323649018325,0.0,-2.472409403416429,1
89,2023-wimbledon-1701,Carlos Alcaraz,Novak Djokovic,1:14:39,2,6,90,0,1,3,2,30,15,2,1,2,40,50,0,0,0,0,0,1,F,0,0,0,0,0,0,0,0,0,0,0,0,0,0,10.234,7.26,3,115.0,C,NCTL,D,0,0,0,-5,0,0.0,0.511999995904,-1,-1,0,1,-1.767001768925317,0.0,-1.9341950054155004,0
90,2023-wimbledon-1701,Carlos Alcaraz,Novak Djokovic,1:15:16,2,6,91,0,1,3,2,30,30,2,2,2,40,51,0,0,0,0,0,0,0,0,0,0,0,0,0,0,0,0,0,0,0,0,0,6.781,8.749,1,84.0,B,NCTL,D,0,0,0,-5,0,0.0,0.511999995904,-3,-1,0,0,-3.6475923649817346,0.0,-1.8805905960564175,0
91,2023-wimbledon-1701,Carlos Alcaraz,Novak Djokovic,1:16:02,2,6,92,0,1,3,2,30,40,2,1,2,40,52,2,0,0,0,0,0,0,0,0,0,0,0,0,0,0,0,0,0,0,0,0,6.068,5.941,1,124.0,BW,CTL,D,0,0,0,-5,0,0.0,0.511999995904,-3,-1,0,0,-3.6542627842264777,0.0,-0.006670419244743098,0
92,2023-wimbledon-1701,Carlos Alcaraz,Novak Djokovic,1:16:45,2,7,93,0,1,3,3,0,0,1,2,1,41,52,0,0,0,0,1,0,F,0,0,0,0,1,0,1,0,0,0,0,0,0,0,22.137,24.886,7,109.0,B,NCTL,ND,0,1,1,-6,0,0.0,0.511999995904,-1,1,0,1,-0.785639952735598,1.0,2.86862283149088,1
93,2023-wimbledon-1701,Carlos Alcaraz,Novak Djokovic,1:17:34,2,7,94,0,1,3,3,15,0,1,1,1,42,52,0,0,0,0,1,0,B,0,0,0,0,0,1,0,0,0,0,0,0,0,0,67.927,70.53,11,129.0,W,NCTL,ND,0,1,1,-6,0,0.0,0.511999995904,1,1,0,2,1.2004713969227458,1.0,1.9861113496583438,0
94,2023-wimbledon-1701,Carlos Alcaraz,Novak Djokovic,1:18:29,2,7,95,0,1,3,3,30,0,1,2,1,43,52,0,0,0,0,1,0,F,0,0,0,0,0,0,0,0,0,0,0,0,0,0,7.749,7.248,3,100.0,BC,NCTL,ND,0,1,0,-6,0,0.0,0.511999995904,3,1,0,3,3.1339338470415123,1.0,1.9334624501187665,0
95,2023-wimbledon-1701,Carlos Alcaraz,Novak Djokovic,1:19:11,2,7,96,0,1,3,3,40,0,1,1,1,44,52,1,0,1,0,1,0,0,0,0,0,0,0,0,0,0,0,0,0,0,0,0,0.694,0.879,1,119.0,W,CTL,,1,1,0,-6,1,0.0,0.511999995904,3,1,0,3,2.645264923939895,1.0,-0.48866892310161747,0
96,2023-wimbledon-1701,Carlos Alcaraz,Novak Djokovic,1:21:22,2,8,97,0,1,4,3,0,0,2,2,2,44,53,0,0,0,0,0,1,F,0,0,0,0,0,0,0,0,0,0,0,0,0,0,10.209,8.91,3,104.0,BW,NCTL,ND,0,0,0,-5,1,0.0,0.511999995904,1,-1,0,2,-0.5142408407473564,0.0,-3.1595057646872515,1
97,2023-wimbledon-1701,Carlos Alcaraz,Novak Djokovic,1:22:31,2,8,98,0,1,4,3,0,15,2,1,1,45,53,0,0,0,0,0,0,0,0,0,0,0,0,0,0,0,0,0,0,0,0,0,47.513,40.412,12,115.0,C,NCTL,ND,0,1,1,-5,1,0.0,0.511999995904,1,-1,0,1,-0.1355842037732224,1.0,0.37865663697413404,0
98,2023-wimbledon-1701,Carlos Alcaraz,Novak Djokovic,1:23:20,2,8,99,0,1,4,3,15,15,2,2,2,45,54,0,0,0,0,0,0,0,0,0,0,0,0,0,0,0,0,0,0,0,0,0,35.813,32.302,9,91.0,C,NCTL,ND,0,0,0,-5,0,0.0,0.511999995904,-1,-1,0,0,-1.489766049328008,0.0,-1.3541818455547856,0
99,2023-wimbledon-1701,Carlos Alcaraz,Novak Djokovic,1:24:23,2,8,100,0,1,4,3,15,30,2,2,2,45,55,0,0,0,0,0,0,0,0,0,0,0,0,0,0,0,0,0,0,0,0,0,13.188,8.947,3,88.0,B,NCTL,D,0,0,0,-5,0,0.0,0.511999995904,-1,-1,0,0,-1.5164028653649182,0.0,-0.02663681603691015,0
100,2023-wimbledon-1701,Carlos Alcaraz,Novak Djokovic,1:25:13,2,8,101,0,1,4,3,15,40,2,2,2,45,56,2,0,0,0,0,0,0,0,0,1,0,1,0,0,0,0,0,0,0,0,0,5.991,3.844,1,91.0,BC,NCTL,D,0,0,0,-5,0,0.0,0.511999995904,-3,-1,-1,0,-3.232159704563306,0.0,-1.715756839198388,0
101,2023-wimbledon-1701,Carlos Alcaraz,Novak Djokovic,1:26:03,2,9,102,0,1,4,4,0,0,1,1,2,45,57,0,0,0,0,0,0,0,0,0,1,0,0,0,0,0,0,0,0,0,0,0,5.136,7.151,2,124.0,C,NCTL,ND,0,0,0,-6,0,0.0,0.511999995904,-3,1,-2,0,-2.1032149114180907,0.0,1.1289447931452155,0
102,2023-wimbledon-1701,Carlos Alcaraz,Novak Djokovic,1:26:31,2,9,103,0,1,4,4,0,15,1,2,1,46,57,0,0,0,0,1,0,F,0,0,0,0,0,0,0,0,0,0,0,0,0,0,21.813,24.744,7,108.0,C,NCTL,ND,0,1,1,-6,0,0.0,0.511999995904,-1,1,-2,1,0.10982569050770247,1.0,2.213040601925793,1
103,2023-wimbledon-1701,Carlos Alcaraz,Novak Djokovic,1:28:01,2,9,104,0,1,4,4,15,15,1,1,1,47,57,0,0,1,0,1,0,0,0,0,0,0,0,0,0,0,0,0,0,0,0,0,4.555,4.901,1,116.0,W,CTL,D,1,1,0,-6,1,0.0,0.511999995904,1,1,-1,2,1.222898697249662,1.0,1.1130730067419596,0
104,2023-wimbledon-1701,Carlos Alcaraz,Novak Djokovic,1:28:26,2,9,105,0,1,4,4,30,15,1,1,1,48,57,0,0,0,0,0,0,0,0,0,0,0,0,0,0,0,0,0,0,0,0,0,24.445,27.729,5,114.0,C,NCTL,ND,0,1,1,-6,1,0.0,0.511999995904,3,1,0,2,2.8140875691558955,1.0,1.5911888719062335,0
105,2023-wimbledon-1701,Carlos Alcaraz,Novak Djokovic,1:29:17,2,9,106,0,1,4,4,40,15,1,2,1,49,57,1,0,0,0,0,0,0,0,0,0,0,0,0,0,0,0,0,0,0,0,0,7.039,5.74,1,109.0,W,CTL,ND,0,1,0,-6,1,0.0,0.511999995904,3,1,0,1,2.8527090829498185,1.0,0.03862151379392298,0
106,2023-wimbledon-1701,Carlos Alcaraz,Novak Djokovic,1:31:34,2,10,107,0,1,5,4,0,0,2,1,1,50,57,0,0,0,0,0,0,0,0,0,0,1,0,0,0,0,0,0,0,0,0,0,9.818,8.185,2,125.0,C,CTL,D,0,1,0,-5,0,0.0,0.511999995904,3,-1,0,0,2.6444632186676897,1.0,-0.20824586428212877,0
107,2023-wimbledon-1701,Carlos Alcaraz,Novak Djokovic,1:32:06,2,10,108,0,1,5,4,15,0,2,1,2,50,58,0,0,0,0,0,0,0,0,0,1,0,0,1,0,1,0,0,0,0,0,0,22.897,21.393,5,119.0,C,NCTL,ND,0,0,0,-5,0,0.0,0.511999995904,1,-1,-1,0,0.854203389831107,0.0,-1.7902598288365827,0
108,2023-wimbledon-1701,Carlos Alcaraz,Novak Djokovic,1:32:50,2,10,109,0,1,5,4,15,15,2,1,2,50,59,0,0,0,0,0,0,0,0,0,0,0,0,0,0,0,0,0,0,0,0,0,38.314,9.701,3,109.0,W,NCTL,ND,0,0,0,-5,0,0.0,0.511999995904,-1,-1,-1,0,-1.118919047317995,0.0,-1.973122437149102,0
109,2023-wimbledon-1701,Carlos Alcaraz,Novak Djokovic,1:33:21,2,10,110,0,1,5,4,15,30,2,1,1,51,59,0,0,0,0,0,0,0,0,0,0,0,0,0,0,0,0,0,0,0,0,0,31.111,23.964,8,115.0,C,NCTL,ND,0,1,1,-5,0,0.0,0.511999995904,-1,-1,-1,0,-1.118919047317995,1.0,0.0,1
110,2023-wimbledon-1701,Carlos Alcaraz,Novak Djokovic,1:35:06,2,10,111,0,1,5,4,30,30,2,1,2,51,60,0,0,0,0,0,0,0,0,0,1,0,0,0,0,0,0,0,0,0,0,0,11.433,8.411,3,113.0,BW,NCTL,ND,0,0,0,-5,0,0.0,0.511999995904,-1,-1,-1,0,-1.118919047317995,0.0,0.0,0
111,2023-wimbledon-1701,Carlos Alcaraz,Novak Djokovic,1:35:40,2,10,112,0,1,5,4,30,40,2,1,1,52,60,0,0,0,0,0,0,0,0,0,0,0,0,0,0,0,0,0,0,0,0,0,15.698,11.503,4,123.0,BW,NCTL,ND,0,1,0,-5,0,0.0,0.511999995904,1,-1,-1,0,0.9250075648509432,1.0,2.043926612168938,0
112,2023-wimbledon-1701,Carlos Alcaraz,Novak Djokovic,1:36:21,2,10,113,0,1,5,4,40,40,2,1,2,52,61,0,0,0,0,0,0,0,0,0,1,0,0,0,0,0,0,0,0,0,0,0,46.149,41.892,13,115.0,BW,NCTL,ND,0,0,0,-5,0,0.0,0.511999995904,-1,-1,-2,0,-0.8002319047308704,0.0,-1.7252394695818136,0
113,2023-wimbledon-1701,Carlos Alcaraz,Novak Djokovic,1:37:19,2,10,114,0,1,5,4,40,AD,2,2,2,52,62,2,0,0,0,0,0,0,0,0,0,0,0,0,0,0,0,0,0,0,0,0,44.282,51.118,9,85.0,B,NCTL,D,0,0,0,-5,0,0.0,0.511999995904,-1,-1,-1,0,-1.1761186792091958,0.0,-0.3758867744783254,0
114,2023-wimbledon-1701,Carlos Alcaraz,Novak Djokovic,1:38:38,2,11,115,0,1,5,5,0,0,1,2,2,52,63,0,0,0,0,0,0,0,0,0,1,0,0,0,0,0,0,0,0,0,0,0,15.082,12.785,4,106.0,BW,NCTL,D,0,0,0,-6,0,0.0,0.511999995904,-3,1,-2,0,-2.0583027645908647,0.0,-0.8821840853816689,1
115,2023-wimbledon-1701,Carlos Alcaraz,Novak Djokovic,1:39:23,2,11,116,0,1,5,5,0,15,1,2,1,53,63,0,0,0,0,0,0,0,0,0,0,0,0,0,0,0,0,0,0,0,0,0,51.171,77.904,15,101.0,BW,NCTL,ND,0,1,1,-6,0,0.0,0.511999995904,-1,1,-1,0,-0.3425557759398393,1.0,1.7157469886510253,0
116,2023-wimbledon-1701,Carlos Alcaraz,Novak Djokovic,1:40:32,2,11,117,0,1,5,5,15,15,1,1,1,54,63,0,0,0,0,0,0,0,0,0,0,0,0,0,0,0,0,0,0,0,0,0,8.185,5.147,1,110.0,W,CTL,D,0,1,0,-6,0,0.0,0.511999995904,1,1,-1,0,1.6781457867399625,1.0,2.0207015626798017,0
117,2023-wimbledon-1701,Carlos Alcaraz,Novak Djokovic,1:41:01,2,11,118,0,1,5,5,30,15,1,1,1,55,63,0,0,0,0,0,0,0,0,0,0,0,0,0,0,0,0,0,0,0,0,0,2.423,2.431,1,132.0,B,NCTL,D,0,1,0,-6,0,0.0,0.511999995904,3,1,0,0,3.2568008424360015,1.0,1.578655055696039,0
118,2023-wimbledon-1701,Carlos Alcaraz,Novak Djokovic,1:41:28,2,11,119,0,1,5,5,40,15,1,1,1,56,63,1,0,0,0,0,0,0,0,0,0,0,0,0,0,0,0,0,0,0,0,0,11.46,11.333,1,126.0,C,CTL,ND,0,1,0,-6,0,0.0,0.511999995904,3,1,0,0,3.2568008424360015,1.0,0.0,0
119,2023-wimbledon-1701,Carlos Alcaraz,Novak Djokovic,1:43:24,2,12,120,0,1,6,5,0,0,2,1,2,56,64,0,0,0,0,0,1,B,0,0,0,0,0,0,0,0,0,0,0,0,0,0,26.376,15.557,5,122.0,C,CTL,ND,0,0,0,-5,0,0.0,0.511999995904,1,-1,0,0,0.40695107710169676,0.0,-2.8498497653343047,0
120,2023-wimbledon-1701,Carlos Alcaraz,Novak Djokovic,1:44:03,2,12,121,0,1,6,5,0,15,2,2,1,57,64,0,0,0,0,0,0,0,0,1,0,1,0,0,0,0,0,0,0,0,0,0,12.01,7.658,0,,C,CTL,ND,0,1,0,-5,1,0.0,0.511999995904,1,-1,0,0,0.12752640944992272,1.0,-0.27942466765177404,0
121,2023-wimbledon-1701,Carlos Alcaraz,Novak Djokovic,1:45:02,2,12,122,0,1,6,5,15,15,2,2,2,57,65,0,0,0,0,0,0,0,0,0,0,0,0,0,0,0,0,0,0,0,0,0,4.405,3.63,1,103.0,BW,NCTL,D,0,0,0,-5,1,0.0,0.511999995904,-1,-1,0,0,-1.9190058327753434,0.0,-2.046532242225266,1
122,2023-wimbledon-1701,Carlos Alcaraz,Novak Djokovic,1:45:46,2,12,123,0,1,6,5,15,30,2,1,1,58,65,0,0,0,0,0,0,0,0,0,0,1,0,0,0,0,0,0,0,0,0,0,57.365,26.817,8,122.0,C,NCTL,D,0,1,1,-5,1,0.0,0.511999995904,1,-1,0,0,0.22808713952478227,1.0,2.1470929723001255,0
123,2023-wimbledon-1701,Carlos Alcaraz,Novak Djokovic,1:46:31,2,12,124,0,1,6,5,30,30,2,1,2,58,66,0,0,0,0,0,0,0,0,0,0,0,0,0,0,0,0,0,0,0,0,0,20.863,8.984,1,123.0,C,NCTL,D,0,0,0,-5,0,0.0,0.511999995904,-1,-1,0,0,-1.5518919023022346,0.0,-1.779979041827017,0
124,2023-wimbledon-1701,Carlos Alcaraz,Novak Djokovic,1:46:59,2,12,125,0,1,6,5,30,40,2,1,2,58,67,2,0,0,0,0,0,0,0,0,0,0,0,0,0,0,0,0,0,0,0,0,9.221,4.985,1,121.0,C,NCTL,D,0,0,0,-5,0,0.0,0.511999995904,-1,-1,0,0,-1.5739113201073185,0.0,-0.022019417805083874,0
125,2023-wimbledon-1701,Carlos Alcaraz,Novak Djokovic,1:47:38,2,13,126,0,1,6,6,0,0,1,2,2,58,68,0,0,0,0,0,0,0,0,0,1,0,0,0,0,0,0,0,0,0,0,0,18.221,19.372,4,106.0,BC,NCTL,D,0,0,0,-6,0,0.0,0.511999995904,-3,1,-1,0,-2.43486516871882,0.0,-0.8609538486115016,0
126,2023-wimbledon-1701,Carlos Alcaraz,Novak Djokovic,1:48:37,2,13,127,0,1,6,6,0,1,2,1,2,58,69,0,0,0,0,0,0,0,0,0,0,0,0,0,0,0,0,0,0,0,0,0,14.208,9.977,1,118.0,C,NCTL,D,0,0,0,-6,0,0.0,0.511999995904,-3,-1,-1,0,-3.158565128064334,0.0,-0.723699959345514,0
127,2023-wimbledon-1701,Carlos Alcaraz,Novak Djokovic,1:49:07,2,13,128,0,1,6,6,0,2,2,1,2,58,70,0,0,0,0,0,0,0,0,0,0,0,0,0,0,0,0,0,0,0,0,0,7.534,5.259,1,124.0,C,NCTL,ND,0,0,0,-6,0,0.0,0.511999995904,-3,-1,-1,0,-3.1711568503679444,0.0,-0.012591722303610275,0
128,2023-wimbledon-1701,Carlos Alcaraz,Novak Djokovic,1:49:43,2,13,129,0,1,6,6,0,3,1,1,1,59,70,0,0,0,0,0,0,0,0,0,0,0,0,0,0,0,0,0,0,0,0,0,3.906,7.066,1,128.0,W,CTL,D,0,1,0,-6,0,0.0,0.511999995904,-1,1,0,0,-0.7408074336424372,1.0,2.430349416725507,0
129,2023-wimbledon-1701,Carlos Alcaraz,Novak Djokovic,1:50:07,2,13,130,0,1,6,6,1,3,1,1,1,60,70,0,0,1,0,1,0,0,0,0,0,0,0,0,0,0,0,0,0,0,0,0,0.88,0.917,1,109.0,W,CTL,,1,1,0,-6,1,0.0,0.511999995904,1,1,0,1,1.0391435677351655,1.0,1.7799510013776025,1
130,2023-wimbledon-1701,Carlos Alcaraz,Novak Djokovic,1:50:45,2,13,131,0,1,6,6,2,3,2,1,1,61,70,0,0,0,0,0,0,0,0,0,0,1,0,0,0,0,0,0,0,0,0,0,17.479,7.601,2,123.0,W,CTL,ND,0,1,0,-6,1,0.0,0.511999995904,3,-1,0,1,2.3959156021026526,1.0,1.3567720343674872,0
131,2023-wimbledon-1701,Carlos Alcaraz,Novak Djokovic,1:51:49,2,13,132,0,1,6,6,3,3,2,1,2,61,71,0,0,0,0,0,0,0,0,0,0,0,0,0,0,0,0,0,0,0,0,0,25.206,13.676,5,122.0,C,NCTL,ND,0,0,0,-6,1,0.0,0.511999995904,1,-1,0,1,0.15015913783995727,0.0,-2.2457564642626955,0
132,2023-wimbledon-1701,Carlos Alcaraz,Novak Djokovic,1:52:29,2,13,133,0,1,6,6,3,4,1,2,1,62,71,0,0,0,0,1,0,F,0,0,0,0,0,0,0,0,0,0,0,0,0,0,7.205,9.965,3,101.0,W,CTL,ND,0,1,0,-6,0,0.0,0.511999995904,1,1,0,1,1.248275123542071,1.0,1.0981159857021137,0
133,2023-wimbledon-1701,Carlos Alcaraz,Novak Djokovic,1:53:15,2,13,134,0,1,6,6,4,4,1,1,1,63,71,0,0,0,0,1,0,F,0,0,0,0,0,0,0,0,0,0,0,0,0,0,49.102,57.632,13,128.0,C,NCTL,ND,0,1,1,-6,0,0.0,0.511999995904,1,1,0,2,1.2846741397674568,1.0,0.03639901622538577,0
134,2023-wimbledon-1701,Carlos Alcaraz,Novak Djokovic,1:54:58,2,13,135,0,1,6,6,5,4,2,2,2,63,72,0,0,0,0,0,0,0,0,0,0,0,1,0,0,0,0,0,0,0,0,0,19.692,21.44,5,112.0,BC,NCTL,ND,0,0,0,-6,0,0.0,0.511999995904,1,-1,0,2,0.3000295475781282,0.0,-0.9846445921893285,0
135,2023-wimbledon-1701,Carlos Alcaraz,Novak Djokovic,1:56:00,2,13,136,0,1,6,6,5,5,2,1,2,63,73,0,0,0,0,0,1,B,0,0,0,0,1,0,0,0,0,0,0,0,0,0,56.398,56.597,17,121.0,C,NCTL,D,0,0,0,-6,0,0.0,0.511999995904,-1,-1,0,1,-1.6568677143900754,0.0,-1.9568972619682037,0
136,2023-wimbledon-1701,Carlos Alcaraz,Novak Djokovic,1:57:02,2,13,137,0,1,6,6,5,6,1,1,1,64,73,0,0,0,0,0,0,0,0,0,0,1,0,0,0,0,0,0,0,0,0,0,22.045,10.921,3,120.0,W,NCTL,D,0,1,0,-6,0,0.0,0.511999995904,-1,1,0,0,-0.6813130382386684,1.0,0.975554676151407,0
137,2023-wimbledon-1701,Carlos Alcaraz,Novak Djokovic,1:58:15,2,13,138,0,1,6,6,6,6,1,2,1,65,73,0,0,0,0,0,0,0,0,0,0,1,0,0,0,0,0,0,0,0,0,0,10.338,11.191,3,97.0,BC,CTL,ND,0,1,0,-6,0,0.0,0.511999995904,1,1,0,0,1.3446622702397866,1.0,2.025975308478455,0
138,2023-wimbledon-1701,Carlos Alcaraz,Novak Djokovic,1:59:06,2,13,139,0,1,6,6,7,6,2,1,1,66,73,1,1,0,0,1,0,B,0,0,0,0,0,1,0,0,0,0,0,0,0,0,5.329,5.955,2,118.0,W,CTL,D,0,1,0,-6,0,0.0,0.511999995904,3,-1,0,1,2.4720466229342986,1.0,1.127384352694512,0
139,2023-wimbledon-1701,Carlos Alcaraz,Novak Djokovic,2:02:01,3,1,140,1,1,0,0,0,0,2,1,1,67,73,0,0,0,0,0,0,0,0,0,0,1,0,0,0,0,0,0,0,0,0,0,14.737,7.867,2,106.0,W,CTL,D,0,1,0,0,0,0.0,0.511999995904,3,-1,0,1,2.187436275535304,1.0,-0.2846103473989947,0
140,2023-wimbledon-1701,Carlos Alcaraz,Novak Djokovic,2:02:31,3,1,141,1,1,0,0,15,0,2,1,2,67,74,0,0,0,0,0,0,0,0,0,1,0,0,0,0,0,0,0,0,0,0,0,48.376,52.512,13,121.0,W,NCTL,D,0,0,0,0,0,0.0,0.511999995904,1,-1,-1,1,0.3392190161315124,0.0,-1.8482172594037913,0
141,2023-wimbledon-1701,Carlos Alcaraz,Novak Djokovic,2:03:20,3,1,142,1,1,0,0,15,15,2,1,2,67,75,0,0,0,1,0,1,0,0,0,0,0,0,0,0,0,0,0,0,0,0,0,6.161,4.586,1,110.0,W,CTL,,1,0,0,0,-1,0.0,0.511999995904,-1,-1,-1,0,-1.2289817378847225,0.0,-1.5682007540162348,1
142,2023-wimbledon-1701,Carlos Alcaraz,Novak Djokovic,2:04:02,3,1,143,1,1,0,0,15,30,2,1,1,68,75,0,0,0,0,1,0,B,0,0,0,0,0,0,0,0,0,0,0,0,0,0,21.503,16.386,6,123.0,W,NCTL,ND,0,1,1,0,-1,0.0,0.511999995904,-1,-1,-1,1,-1.1049169263845764,1.0,0.12406481150014614,0
143,2023-wimbledon-1701,Carlos Alcaraz,Novak Djokovic,2:04:40,3,1,144,1,1,0,0,30,30,2,1,1,69,75,0,0,0,0,0,0,0,0,0,0,0,1,0,1,0,0,0,0,0,0,0,61.566,40.594,10,109.0,W,CTL,ND,0,1,1,0,-1,0.0,0.511999995904,1,-1,0,1,0.6734340491921802,1.0,1.7783509755767566,0
144,2023-wimbledon-1701,Carlos Alcaraz,Novak Djokovic,2:05:29,3,1,145,1,1,0,0,40,30,2,2,2,69,76,0,0,0,0,0,0,0,0,0,1,0,0,0,0,0,1,0,0,0,1,0,6.133,5.221,1,91.0,W,CTL,D,0,0,0,0,0,-0.9999990000010001,0.511999995904,1,-1,-1,1,0.3207087389497139,0.0,-0.3527253102424663,0
145,2023-wimbledon-1701,Carlos Alcaraz,Novak Djokovic,2:06:14,3,1,146,1,1,0,0,40,40,2,1,1,70,76,0,0,0,0,1,0,B,0,0,0,0,0,1,0,0,0,0,0,0,0,0,40.155,39.991,12,125.0,B,NCTL,ND,0,1,1,0,0,-0.9999990000010001,0.511999995904,1,-1,-1,1,0.5240544410469672,1.0,0.20334570209725328,1
146,2023-wimbledon-1701,Carlos Alcaraz,Novak Djokovic,2:07:43,3,1,147,1,1,0,0,AD,40,2,2,1,71,76,1,0,0,0,0,0,0,0,0,0,1,0,0,0,0,1,0,1,0,0,0,17.37,16.764,4,83.0,B,NCTL,ND,0,1,0,0,0,0.0,0.511999995904,1,-1,-1,1,0.4085170359589826,1.0,-0.1155374050879846,0
147,2023-wimbledon-1701,Carlos Alcaraz,Novak Djokovic,2:09:21,3,2,148,1,1,1,0,0,0,1,1,2,71,77,0,0,0,0,0,0,0,0,0,1,0,0,0,0,0,0,0,0,0,0,0,82.852,81.82,18,113.0,BW,NCTL,,0,0,0,1,0,0.9999990000010001,0.511999995904,1,1,-1,1,1.0038148827552567,0.0,0.5952978467962741,0
148,2023-wimbledon-1701,Carlos Alcaraz,Novak Djokovic,2:10:13,3,2,149,1,1,1,0,0,15,1,1,1,72,77,0,0,0,0,0,0,0,0,0,0,0,0,0,0,0,0,0,0,0,0,0,6.12,8.534,1,120.0,C,NCTL,ND,0,1,0,1,0,0.9999990000010001,0.511999995904,1,1,-1,0,1.2464040823805793,1.0,0.24258919962532266,0
149,2023-wimbledon-1701,Carlos Alcaraz,Novak Djokovic,2:10:37,3,2,150,1,1,1,0,15,15,1,1,1,73,77,0,0,0,0,0,0,0,0,0,0,0,0,0,0,0,0,0,0,0,0,0,4.728,7.153,1,120.0,BC,CTL,D,0,1,0,1,0,0.0,0.511999995904,1,1,-1,0,1.3639095138427981,1.0,0.11750543146221881,0
150,2023-wimbledon-1701,Carlos Alcaraz,Novak Djokovic,2:11:03,3,2,151,1,1,1,0,30,15,1,2,1,74,77,0,0,0,0,0,0,0,0,0,0,1,0,0,0,0,0,0,0,0,0,0,12.798,9.835,3,91.0,BW,NCTL,D,0,1,0,1,0,0.0,0.511999995904,3,1,0,0,3.044971879969815,1.0,1.681062366127017,0
151,2023-wimbledon-1701,Carlos Alcaraz,Novak Djokovic,2:11:49,3,2,152,1,1,1,0,40,15,1,2,2,74,78,0,0,0,0,0,0,0,0,0,1,0,0,0,0,0,0,0,0,0,0,0,17.795,20.948,4,96.0,B,NCTL,D,0,0,0,1,0,0.0,0.511999995904,1,1,-1,0,1.1572588354413587,0.0,-1.8877130445284565,0
152,2023-wimbledon-1701,Carlos Alcaraz,Novak Djokovic,2:12:32,3,2,153,1,1,1,0,40,30,1,1,1,75,78,1,0,0,0,0,0,0,0,0,0,0,0,0,0,0,0,0,0,0,0,0,5.943,9.73,1,126.0,B,NCTL,ND,0,1,0,1,0,0.0,0.511999995904,1,1,-1,0,1.2150498548625426,1.0,0.05779101942118392,0
153,2023-wimbledon-1701,Carlos Alcaraz,Novak Djokovic,2:13:01,3,3,154,1,1,2,0,0,0,2,1,2,75,79,0,0,0,0,0,0,0,0,0,0,0,0,0,0,0,0,0,0,0,0,0,5.689,4.021,1,120.0,C,NCTL,ND,0,0,0,2,0,0.0,0.511999995904,-1,-1,-1,0,-1.5577127064305976,0.0,-2.77276256129314,1
154,2023-wimbledon-1701,Carlos Alcaraz,Novak Djokovic,2:13:21,3,3,155,1,1,2,0,0,15,2,1,1,76,79,0,0,0,0,1,0,F,0,0,0,0,1,0,1,0,0,0,0,0,0,0,59.146,47.871,16,120.0,W,NCTL,D,0,1,1,2,0,0.0,0.511999995904,1,-1,0,1,0.11502915667118692,1.0,1.6727418631017845,0
155,2023-wimbledon-1701,Carlos Alcaraz,Novak Djokovic,2:14:16,3,3,156,1,1,2,0,15,15,2,1,1,77,79,0,0,0,0,0,0,0,0,0,0,1,0,0,0,0,0,0,0,0,0,0,22.259,21.156,6,120.0,C,NCTL,D,0,1,1,2,0,0.0,0.511999995904,1,-1,0,1,0.2070563987052699,1.0,0.09202724203408298,0
156,2023-wimbledon-1701,Carlos Alcaraz,Novak Djokovic,2:14:54,3,3,157,1,1,2,0,30,15,2,2,2,77,80,0,0,0,0,0,0,0,0,0,0,0,0,1,0,1,0,0,0,0,0,0,50.638,36.217,11,101.0,BW,CTL,ND,0,0,0,2,0,0.0,0.511999995904,1,-1,0,1,0.09021180321217238,0.0,-0.11684459549309752,0
157,2023-wimbledon-1701,Carlos Alcaraz,Novak Djokovic,2:16:00,3,3,158,1,1,2,0,30,30,2,1,2,77,81,0,0,0,0,0,0,0,0,0,0,0,0,0,0,0,0,0,0,0,0,0,10.845,5.871,1,115.0,W,CTL,D,0,0,0,2,0,0.0,0.511999995904,-1,-1,0,0,-1.8200825753945356,0.0,-1.910294378606708,0
158,2023-wimbledon-1701,Carlos Alcaraz,Novak Djokovic,2:16:45,3,3,159,1,1,2,0,30,40,2,2,2,77,82,2,0,0,0,0,0,0,0,0,0,0,0,0,0,0,0,0,0,0,0,0,6.171,4.287,1,109.0,BC,NCTL,ND,0,0,0,2,0,0.0,0.511999995904,-3,-1,0,0,-3.8103451253994103,0.0,-1.9902625500048747,0
159,2023-wimbledon-1701,Carlos Alcaraz,Novak Djokovic,2:19:00,3,4,160,1,1,2,1,0,0,1,1,1,78,82,0,0,0,0,0,0,0,0,0,0,1,0,0,0,0,0,0,0,0,0,0,36.011,77.318,11,115.0,W,CTL,ND,0,1,1,1,0,0.0,0.511999995904,-1,1,0,0,-0.9478615658292555,1.0,2.8624835595701548,0
160,2023-wimbledon-1701,Carlos Alcaraz,Novak Djokovic,2:19:40,3,4,161,1,1,2,1,15,0,1,1,2,78,83,0,0,0,0,0,0,0,0,0,1,0,1,0,0,0,0,0,0,0,0,0,9.308,12.899,2,114.0,C,NCTL,ND,0,0,0,1,0,0.0,0.511999995904,-1,1,-1,0,-0.7999492058240442,0.0,0.14791236000521135,0
161,2023-wimbledon-1701,Carlos Alcaraz,Novak Djokovic,2:20:07,3,4,162,1,1,2,1,15,15,1,1,2,78,84,0,0,0,0,0,0,0,0,0,1,0,1,0,0,0,0,0,0,0,0,0,15.465,16.482,4,113.0,BC,NCTL,ND,0,0,0,1,0,0.0,0.511999995904,-1,1,-2,0,-0.7902116747225891,0.0,0.009737531101455033,0
162,2023-wimbledon-1701,Carlos Alcaraz,Novak Djokovic,2:20:41,3,4,163,1,1,2,1,15,30,1,2,2,78,85,0,0,0,0,0,0,0,0,0,1,0,0,0,0,0,0,0,0,0,0,0,33.253,33.692,10,102.0,BW,NCTL,ND,0,0,0,1,0,0.0,0.511999995904,-3,1,-3,0,-2.749657499107812,0.0,-1.9594458243852229,0
163,2023-wimbledon-1701,Carlos Alcaraz,Novak Djokovic,2:21:37,3,4,164,1,1,2,1,15,40,1,2,1,79,85,0,0,0,0,0,0,0,0,0,0,1,0,0,0,0,0,1,0,0,0,1,30.944,34.291,9,102.0,BC,NCTL,ND,0,1,1,1,0,0.9999990000010001,0.511999995904,-1,1,-2,0,-0.9496762191759917,1.0,1.7999812799318202,0
164,2023-wimbledon-1701,Carlos Alcaraz,Novak Djokovic,2:22:32,3,4,165,1,1,2,1,30,40,1,2,1,80,85,0,0,0,0,1,0,0,0,0,0,0,0,0,0,0,0,1,0,0,0,1,1.526,1.532,1,112.0,BC,NCTL,,0,1,0,1,0,0.99999950000025,0.511999995904,1,1,-1,1,0.9410705888766332,1.0,1.8907468080526248,1
165,2023-wimbledon-1701,Carlos Alcaraz,Novak Djokovic,2:23:42,3,4,166,1,1,2,1,40,40,1,2,1,81,85,0,0,0,0,1,0,F,0,0,0,0,1,0,1,0,0,0,0,0,0,0,11.614,10.625,3,97.0,C,NCTL,ND,0,1,0,1,0,0.99999950000025,0.511999995904,3,1,0,2,2.7597144910149503,1.0,1.8186439021383172,0
166,2023-wimbledon-1701,Carlos Alcaraz,Novak Djokovic,2:24:29,3,4,167,1,1,2,1,AD,40,1,1,1,82,85,1,0,0,0,0,0,0,0,0,0,0,0,0,0,0,0,0,0,0,0,0,7.867,6.42,1,128.0,C,NCTL,D,0,1,0,1,0,0.9999990000010001,0.511999995904,3,1,0,2,2.8042234292464254,1.0,0.04450893823147517,0
167,2023-wimbledon-1701,Carlos Alcaraz,Novak Djokovic,2:26:08,3,5,168,1,1,3,1,0,0,2,1,1,83,85,0,0,0,0,0,0,0,0,0,0,0,0,1,0,0,0,0,0,0,0,0,11.662,11.26,2,109.0,W,NCTL,,0,1,0,2,0,0.0,0.511999995904,3,-1,0,1,2.124387220078523,1.0,-0.6798362091679024,1
168,2023-wimbledon-1701,Carlos Alcaraz,Novak Djokovic,2:26:35,3,5,169,1,1,3,1,15,0,2,2,2,83,86,0,0,0,0,0,0,0,0,0,0,0,0,0,0,0,0,0,0,0,0,0,5.66,5.121,1,109.0,BC,NCTL,D,0,0,0,2,0,0.0,0.511999995904,1,-1,0,0,0.19044927588576088,0.0,-1.933937944192762,0
169,2023-wimbledon-1701,Carlos Alcaraz,Novak Djokovic,2:27:11,3,5,170,1,1,3,1,15,15,2,2,2,83,87,0,0,0,0,0,0,0,0,0,0,0,0,0,0,0,0,0,0,0,0,0,11.628,10.26,3,87.0,BC,NCTL,D,0,0,0,2,0,0.0,0.511999995904,-1,-1,0,0,-1.8515414971275184,0.0,-2.0419907730132794,0
170,2023-wimbledon-1701,Carlos Alcaraz,Novak Djokovic,2:28:31,3,5,171,1,1,3,1,15,30,2,2,2,83,88,0,0,0,0,0,1,B,0,0,0,0,0,1,0,1,0,0,0,0,0,0,22.347,20.587,5,84.0,BW,NCTL,ND,0,0,0,2,0,0.0,0.511999995904,-3,-1,0,0,-3.887449281672159,0.0,-2.0359077845446407,0
171,2023-wimbledon-1701,Carlos Alcaraz,Novak Djokovic,2:29:41,3,5,172,1,1,3,1,15,40,2,2,1,84,88,0,0,0,0,1,0,F,0,0,0,0,1,0,1,0,0,0,0,0,0,0,14.057,10.284,4,92.0,C,NCTL,ND,0,1,0,2,0,0.0,0.511999995904,-1,-1,0,1,-1.7050787116556811,1.0,2.182370570016478,0
172,2023-wimbledon-1701,Carlos Alcaraz,Novak Djokovic,2:30:22,3,5,173,1,1,3,1,30,40,2,1,1,85,88,0,0,0,0,0,0,0,0,0,0,1,0,0,0,0,0,0,0,0,0,0,10.594,9.202,2,118.0,BW,NCTL,ND,0,1,0,2,0,0.0,0.511999995904,1,-1,0,1,0.22387674840689745,1.0,1.9289554600625787,0
173,2023-wimbledon-1701,Carlos Alcaraz,Novak Djokovic,2:30:52,3,5,174,1,1,3,1,40,40,2,2,2,85,89,0,0,0,0,0,1,F,0,0,0,0,0,1,0,1,0,0,0,0,0,0,8.528,5.6,3,98.0,C,NCTL,ND,0,0,0,2,0,0.0,0.511999995904,1,-1,0,1,0.11095568986099502,0.0,-0.11292105854590243,0
174,2023-wimbledon-1701,Carlos Alcaraz,Novak Djokovic,2:31:32,3,5,175,1,1,3,1,40,AD,2,2,1,86,89,0,0,0,0,0,0,0,0,0,0,0,0,0,0,0,0,0,0,0,0,0,49.295,41.442,12,93.0,B,NCTL,ND,0,1,1,2,0,0.0,0.511999995904,1,-1,0,0,0.2084496092424441,1.0,0.09749391938144908,1
175,2023-wimbledon-1701,Carlos Alcaraz,Novak Djokovic,2:32:34,3,5,176,1,1,3,1,40,40,2,1,2,86,90,0,0,0,0,0,1,B,0,0,0,0,0,0,0,0,0,0,0,0,0,0,30.711,22.401,9,110.0,W,CTL,ND,0,0,0,2,0,0.0,0.511999995904,-1,-1,0,0,-1.7692508803592062,0.0,-1.9777004896016503,1
176,2023-wimbledon-1701,Carlos Alcaraz,Novak Djokovic,2:33:15,3,5,177,1,1,3,1,40,AD,2,1,1,87,90,0,0,0,0,0,0,0,0,0,0,1,0,0,0,0,0,0,0,0,0,0,17.179,9.529,2,115.0,BW,CTL,ND,0,1,0,2,0,0.0,0.511999995904,1,-1,0,0,0.25289456850263736,1.0,2.0221454488618438,0
177,2023-wimbledon-1701,Carlos Alcaraz,Novak Djokovic,2:34:06,3,5,178,1,1,3,1,40,40,2,1,1,88,90,0,0,0,0,0,0,0,0,0,0,1,0,0,0,0,0,0,0,0,0,0,12.06,8.731,2,120.0,C,NCTL,D,0,1,0,2,0,0.0,0.511999995904,1,-1,0,0,0.3200620891075724,1.0,0.06716752060493503,1
178,2023-wimbledon-1701,Carlos Alcaraz,Novak Djokovic,2:34:44,3,5,179,1,1,3,1,AD,40,2,1,2,88,91,0,0,0,0,0,0,0,0,0,0,0,0,0,0,0,1,0,0,0,1,0,23.133,17.896,5,122.0,C,NCTL,D,0,0,0,2,0,-0.9999990000010001,0.511999995904,1,-1,0,0,0.0827780473776773,0.0,-0.2372840417298951,1
179,2023-wimbledon-1701,Carlos Alcaraz,Novak Djokovic,2:35:17,3,5,180,1,1,3,1,40,40,2,2,2,88,92,0,0,0,0,0,1,F,0,0,0,0,0,0,0,0,0,0,0,0,0,0,19.597,19.454,7,105.0,B,NCTL,ND,0,0,0,2,0,-0.9999990000010001,0.511999995904,-1,-1,0,0,-1.8774407263044808,0.0,-1.9602187736821581,0
180,2023-wimbledon-1701,Carlos Alcaraz,Novak Djokovic,2:36:24,3,5,181,1,1,3,1,40,AD,2,1,1,89,92,0,0,0,0,0,0,0,0,0,0,1,0,0,0,0,0,0,0,0,0,0,16.92,13.841,4,109.0,C,NCTL,ND,0,1,0,2,0,-0.9999990000010001,0.511999995904,-1,-1,0,0,-1.8774407263044808,1.0,0.0,0
181,2023-wimbledon-1701,Carlos Alcaraz,Novak Djokovic,2:38:07,3,5,182,1,1,3,1,40,40,2,2,1,90,92,0,0,0,0,0,0,0,0,1,0,1,0,0,0,0,0,0,0,0,0,0,4.841,3.234,0,,W,CTL,ND,0,1,0,2,1,0.0,0.511999995904,1,-1,0,0,-0.34255749168851773,1.0,1.534883234615963,0
182,2023-wimbledon-1701,Carlos Alcaraz,Novak Djokovic,2:38:49,3,5,183,1,1,3,1,AD,40,2,1,2,90,93,0,0,0,0,0,0,0,0,0,0,0,0,0,0,0,1,0,0,0,1,0,26.683,28.15,7,118.0,W,NCTL,D,0,0,0,2,1,-0.9999990000010001,0.511999995904,1,-1,0,0,-0.4887244811780878,0.0,-0.14616698948957008,0
183,2023-wimbledon-1701,Carlos Alcaraz,Novak Djokovic,2:39:29,3,5,184,1,1,3,1,40,40,2,1,2,90,94,0,0,0,0,0,1,F,0,0,0,0,0,1,0,1,0,0,0,0,0,0,32.655,18.565,7,120.0,C,NCTL,ND,0,0,0,2,1,-0.9999990000010001,0.511999995904,-1,-1,0,0,-2.5266949370293594,0.0,-2.0379704558512715,0
184,2023-wimbledon-1701,Carlos Alcaraz,Novak Djokovic,2:40:07,3,5,185,1,1,3,1,40,AD,2,2,1,91,94,0,0,0,0,0,0,0,0,0,0,0,0,0,0,0,0,0,0,0,0,0,9.576,7.279,2,89.0,BW,NCTL,ND,0,1,0,2,0,-0.9999990000010001,0.511999995904,-1,-1,0,0,-1.6319666805009698,1.0,0.8947282565283896,0
185,2023-wimbledon-1701,Carlos Alcaraz,Novak Djokovic,2:41:01,3,5,186,1,1,3,1,40,40,2,2,1,92,94,0,0,0,0,0,0,0,0,0,0,1,0,0,0,0,0,0,0,0,0,0,49.941,49.722,14,111.0,BW,NCTL,ND,0,1,1,2,0,0.0,0.511999995904,1,-1,0,0,0.34830265691551815,1.0,1.980269337416488,0
186,2023-wimbledon-1701,Carlos Alcaraz,Novak Djokovic,2:42:05,3,5,187,1,1,3,1,AD,40,2,1,2,92,95,0,0,0,0,0,0,0,0,0,0,0,0,1,0,1,1,0,0,0,1,0,15.414,12.083,3,117.0,C,NCTL,ND,0,0,0,2,0,-0.9999990000010001,0.511999995904,1,-1,0,0,0.14513943764317577,0.0,-0.20316321927234238,0
187,2023-wimbledon-1701,Carlos Alcaraz,Novak Djokovic,2:42:38,3,5,188,1,1,3,1,40,40,2,1,2,92,96,0,0,0,0,0,0,0,0,0,1,0,0,0,0,0,0,0,0,0,0,0,21.307,19.946,5,122.0,C,NCTL,ND,0,0,0,2,0,-0.9999990000010001,0.511999995904,-1,-1,-1,0,-1.7598233354785808,0.0,-1.9049627731217567,0
188,2023-wimbledon-1701,Carlos Alcaraz,Novak Djokovic,2:43:11,3,5,189,1,1,3,1,40,AD,2,1,1,93,96,0,0,0,0,0,0,0,0,0,0,1,0,0,0,0,0,0,0,0,0,0,39.681,33.505,10,120.0,BC,NCTL,ND,0,1,1,2,0,-0.9999990000010001,0.511999995904,-1,-1,-1,0,-1.4825523962105565,1.0,0.2772709392680244,0
189,2023-wimbledon-1701,Carlos Alcaraz,Novak Djokovic,2:44:03,3,5,190,1,1,3,1,40,40,2,2,1,94,96,0,0,0,0,0,0,0,0,0,0,0,0,0,0,0,0,0,0,0,0,0,32.354,34.417,8,93.0,B,NCTL,ND,0,1,1,2,0,0.0,0.511999995904,1,-1,-1,0,0.4991456757586652,1.0,1.9816980719692217,0
190,2023-wimbledon-1701,Carlos Alcaraz,Novak Djokovic,2:45:06,3,5,191,1,1,3,1,AD,40,2,1,2,94,97,0,0,0,0,0,0,0,0,0,0,0,0,1,0,1,1,0,0,0,1,0,18.119,15.185,3,122.0,W,CTL,,0,0,0,2,0,-0.9999990000010001,0.511999995904,1,-1,0,0,0.15575649765171162,0.0,-0.3433891781069536,0
191,2023-wimbledon-1701,Carlos Alcaraz,Novak Djokovic,2:45:39,3,5,192,1,1,3,1,40,40,2,2,1,95,97,0,0,0,0,0,0,0,0,0,0,1,0,1,0,0,0,0,0,0,0,0,24.36,14.498,4,111.0,W,NCTL,ND,0,1,0,2,0,-0.9999990000010001,0.511999995904,1,-1,0,0,0.28779325523143573,1.0,0.1320367575797241,0
192,2023-wimbledon-1701,Carlos Alcaraz,Novak Djokovic,2:46:35,3,5,193,1,1,3,1,AD,40,2,1,2,95,98,0,0,0,0,0,0,0,0,0,0,0,0,0,0,0,1,0,0,0,1,0,8.69,5.85,1,120.0,C,NCTL,ND,0,0,0,2,0,-0.99999950000025,0.511999995904,-1,-1,0,0,-1.6786677939688275,0.0,-1.9664610492002632,0
193,2023-wimbledon-1701,Carlos Alcaraz,Novak Djokovic,2:47:01,3,5,194,1,1,3,1,40,40,2,1,1,96,98,0,0,0,0,0,0,0,0,0,0,0,0,0,0,0,0,0,0,0,0,0,33.074,32.149,8,118.0,C,CTL,D,0,1,1,2,0,-0.9999990000010001,0.511999995904,1,-1,0,0,0.3527575691845819,1.0,2.031425363153409,0
194,2023-wimbledon-1701,Carlos Alcaraz,Novak Djokovic,2:47:47,3,5,195,1,1,3,1,AD,40,2,2,2,96,99,0,0,0,0,0,0,0,0,0,0,0,0,0,0,0,1,0,0,0,1,0,12.75,13.536,1,107.0,BC,NCTL,D,0,0,0,2,0,-0.99999950000025,0.511999995904,-1,-1,0,0,-1.6462500921840857,0.0,-1.9990076613686676,0
195,2023-wimbledon-1701,Carlos Alcaraz,Novak Djokovic,2:48:55,3,5,196,1,1,3,1,40,40,2,2,2,96,100,0,0,0,0,0,0,0,0,0,1,0,0,0,0,0,0,0,0,0,0,0,33.545,25.644,9,102.0,BW,NCTL,ND,0,0,0,2,0,-0.9999990000010001,0.511999995904,-1,-1,-1,0,-1.4884377828873885,0.0,0.1578123092966972,0
196,2023-wimbledon-1701,Carlos Alcaraz,Novak Djokovic,2:50:04,3,5,197,1,1,3,1,40,AD,2,2,1,97,100,0,0,0,0,1,0,B,0,0,0,0,0,1,0,0,0,0,0,0,0,0,41.181,29.979,10,101.0,BC,NCTL,ND,0,1,1,2,0,-0.9999990000010001,0.511999995904,-1,-1,-1,1,-1.2289927360524564,1.0,0.2594450468349321,1
197,2023-wimbledon-1701,Carlos Alcaraz,Novak Djokovic,2:51:11,3,5,198,1,1,3,1,40,40,2,1,1,98,100,0,0,0,0,0,0,0,0,0,0,1,0,0,0,0,0,0,0,0,0,0,51.822,38.664,10,113.0,W,CTL,ND,0,1,1,2,0,0.0,0.511999995904,1,-1,-1,1,0.5841815969014801,1.0,1.8131743329539365,0
198,2023-wimbledon-1701,Carlos Alcaraz,Novak Djokovic,2:52:06,3,5,199,1,1,3,1,AD,40,2,1,1,99,100,1,0,0,0,0,0,0,0,0,0,1,0,0,0,0,1,0,1,0,0,0,8.884,6.658,2,123.0,B,CTL,ND,0,1,0,2,0,0.9999990000010001,0.511999995904,3,-1,0,1,2.248979343554518,1.0,1.664797746653038,0
199,2023-wimbledon-1701,Carlos Alcaraz,Novak Djokovic,2:54:24,3,6,200,1,1,4,1,0,0,1,1,1,100,100,0,0,0,0,0,0,0,0,0,0,0,0,0,0,0,0,0,0,0,0,0,8.389,9.606,1,129.0,B,NCTL,D,0,1,0,3,0,0.9999990000010001,0.511999995904,3,1,0,0,2.9603863708951157,1.0,0.7114070273405977,0
200,2023-wimbledon-1701,Carlos Alcaraz,Novak Djokovic,2:54:45,3,6,201,1,1,4,1,15,0,1,1,1,101,100,0,0,0,0,0,0,0,0,0,0,1,0,0,0,0,0,0,0,0,0,0,22.923,24.883,5,119.0,C,NCTL,ND,0,1,1,3,0,0.9999990000010001,0.511999995904,3,1,0,0,2.985501430724629,1.0,0.025115059829513342,0
201,2023-wimbledon-1701,Carlos Alcaraz,Novak Djokovic,2:55:21,3,6,202,1,1,4,1,30,0,1,1,1,102,100,0,0,0,0,0,0,0,0,0,0,0,0,0,0,0,0,0,0,0,0,0,3.746,3.473,1,114.0,BC,CTL,ND,0,1,0,3,0,0.0,0.511999995904,3,1,0,0,3.062160581675303,1.0,0.076659150950674,0
202,2023-wimbledon-1701,Carlos Alcaraz,Novak Djokovic,2:55:41,3,6,203,1,1,4,1,40,0,1,1,2,102,101,0,0,0,0,0,0,0,0,0,0,0,0,0,0,0,0,0,0,0,0,0,6.683,9.284,2,120.0,W,CTL,D,0,0,0,3,0,0.0,0.511999995904,1,1,0,0,1.0143899900925,0.0,-2.047770591582803,0
203,2023-wimbledon-1701,Carlos Alcaraz,Novak Djokovic,2:56:03,3,6,204,1,1,4,1,40,15,1,2,1,103,101,1,0,0,0,0,0,0,0,0,0,0,0,0,0,0,0,0,0,0,0,0,10.654,8.278,1,112.0,C,NCTL,D,0,1,0,3,0,0.0,0.511999995904,1,1,0,0,1.0543858455924604,1.0,0.03999585549996043,0
204,2023-wimbledon-1701,Carlos Alcaraz,Novak Djokovic,2:57:04,3,7,205,1,1,5,1,0,0,2,1,1,104,101,0,0,0,0,1,0,F,0,0,0,0,0,1,0,0,0,0,0,0,0,0,10.872,10.246,4,111.0,BW,CTL,ND,0,1,0,4,0,0.0,0.511999995904,1,-1,0,1,0.4236194218533391,1.0,-0.6307664237391213,0
205,2023-wimbledon-1701,Carlos Alcaraz,Novak Djokovic,2:57:28,3,7,206,1,1,5,1,15,0,2,2,1,105,101,0,0,0,0,1,0,F,0,0,0,0,0,0,0,0,0,0,0,0,0,0,5.061,3.435,2,108.0,BC,NCTL,ND,0,1,0,4,0,0.0,0.511999995904,3,-1,0,2,2.4362929000582683,1.0,2.0126734782049294,0
206,2023-wimbledon-1701,Carlos Alcaraz,Novak Djokovic,2:58:04,3,7,207,1,1,5,1,30,0,2,1,1,106,101,0,0,0,0,0,0,0,0,0,0,1,0,1,0,0,0,0,0,0,0,0,12.479,9.074,2,118.0,C,NCTL,,0,1,0,4,0,0.0,0.511999995904,3,-1,0,2,2.483256122296588,1.0,0.04696322223831961,0
207,2023-wimbledon-1701,Carlos Alcaraz,Novak Djokovic,2:58:24,3,7,208,1,1,5,1,40,0,2,1,2,106,102,0,0,0,0,0,0,0,0,0,0,0,0,1,0,1,1,0,0,0,1,0,4.957,5.897,1,119.0,BW,NCTL,D,0,0,0,4,0,-0.9999990000010001,0.511999995904,1,-1,0,1,0.36654964927655864,0.0,-2.116706473020029,1
208,2023-wimbledon-1701,Carlos Alcaraz,Novak Djokovic,2:58:42,3,7,209,1,1,5,1,40,15,2,1,1,107,102,1,1,0,0,1,0,B,0,0,0,0,0,1,0,0,1,0,1,0,0,0,11.257,11.635,4,121.0,BC,NCTL,,0,1,0,4,0,0.0,0.511999995904,1,-1,0,1,0.4455569922680945,1.0,0.07900734299153583,0
209,2023-wimbledon-1701,Carlos Alcaraz,Novak Djokovic,3:06:09,4,1,210,2,1,0,0,0,0,1,1,2,107,103,0,0,0,0,0,0,0,0,0,0,0,0,0,0,0,0,0,0,0,0,0,17.067,18.813,4,116.0,BW,NCTL,ND,0,0,0,6,0,0.0,0.511999995904,-1,1,0,1,-0.8318218109807821,0.0,-1.2773788032488766,1
210,2023-wimbledon-1701,Carlos Alcaraz,Novak Djokovic,3:06:36,4,1,211,2,1,0,0,0,15,1,2,2,107,104,0,0,0,0,0,0,0,1,0,1,0,0,0,0,0,0,0,0,0,0,0,3.792,3.847,0,,BW,CTL,,0,0,0,6,-1,0.9999990000010001,0.511999995904,-1,1,-1,1,-0.3246097022505396,0.0,0.5072121087302426,0
211,2023-wimbledon-1701,Carlos Alcaraz,Novak Djokovic,3:07:16,4,1,212,2,1,0,0,0,30,1,1,1,108,104,0,0,0,0,0,0,0,0,0,0,0,0,0,0,0,0,0,0,0,0,0,5.53,6.285,1,130.0,C,NCTL,ND,0,1,0,6,-1,0.0,0.511999995904,-1,1,-1,0,-0.255587764054458,1.0,0.0690219381960816,0
212,2023-wimbledon-1701,Carlos Alcaraz,Novak Djokovic,3:07:56,4,1,213,2,1,0,0,15,30,1,1,1,109,104,0,0,0,0,0,0,0,0,0,0,0,0,0,0,0,0,0,0,0,0,0,18.118,31.364,5,128.0,BW,CTL,ND,0,1,1,6,-1,0.0,0.511999995904,1,1,-1,0,1.7550949381430447,1.0,2.010682702197503,0
213,2023-wimbledon-1701,Carlos Alcaraz,Novak Djokovic,3:08:31,4,1,214,2,1,0,0,30,30,1,1,1,110,104,0,0,0,0,0,0,0,0,0,0,0,1,0,1,0,0,0,0,0,0,0,36.133,28.944,5,118.0,BC,NCTL,ND,0,1,1,6,0,0.0,0.511999995904,3,1,0,0,3.014901126713788,1.0,1.2598061885707432,0
214,2023-wimbledon-1701,Carlos Alcaraz,Novak Djokovic,3:09:09,4,1,215,2,1,0,0,40,30,1,1,1,111,104,1,0,0,0,0,0,0,0,0,0,0,1,0,1,0,0,0,0,0,0,0,8.777,21.412,1,123.0,C,NCTL,ND,0,1,0,6,0,0.0,0.511999995904,3,1,0,0,3.008252642528299,1.0,-0.006648484185488801,0
215,2023-wimbledon-1701,Carlos Alcaraz,Novak Djokovic,3:10:06,4,2,216,2,1,1,0,0,0,2,1,1,112,104,0,0,0,0,0,0,0,0,0,0,0,0,0,0,0,0,0,0,0,0,0,121.06,36.759,12,108.0,BW,NCTL,ND,0,1,1,7,0,0.0,0.511999995904,3,-1,0,0,2.2088621113681137,1.0,-0.7993905311601854,0
216,2023-wimbledon-1701,Carlos Alcaraz,Novak Djokovic,3:10:52,4,2,217,2,1,1,0,15,0,2,1,1,113,104,0,0,0,0,1,0,B,0,0,0,0,0,0,0,0,0,0,0,0,0,0,13.512,12.899,2,123.0,W,CTL,D,0,1,0,7,0,0.0,0.511999995904,3,-1,0,1,2.198640129312581,1.0,-0.01022198205553293,0
217,2023-wimbledon-1701,Carlos Alcaraz,Novak Djokovic,3:11:45,4,2,218,2,1,1,0,30,0,2,1,2,113,105,0,0,0,0,0,0,0,0,0,0,0,0,1,0,1,0,0,0,0,0,0,31.47,17.893,3,121.0,C,NCTL,ND,0,0,0,7,0,0.0,0.511999995904,1,-1,0,1,0.05031783387534391,0.0,-2.1483222954372367,1
218,2023-wimbledon-1701,Carlos Alcaraz,Novak Djokovic,3:12:16,4,2,219,2,1,1,0,30,15,2,2,1,114,105,0,0,0,0,1,0,F,0,0,0,0,0,0,0,0,0,0,0,0,0,0,11.387,10.959,4,90.0,B,NCTL,ND,0,1,0,7,0,0.0,0.511999995904,1,-1,0,2,0.17400573486166462,1.0,0.12368790098632071,0
219,2023-wimbledon-1701,Carlos Alcaraz,Novak Djokovic,3:13:16,4,2,220,2,1,1,0,40,15,2,2,2,114,106,0,0,0,0,0,0,0,0,0,0,0,0,0,0,0,1,0,0,0,1,0,30.656,18.453,5,105.0,W,CTL,ND,0,0,0,7,0,-0.9999990000010001,0.511999995904,-1,-1,0,1,-1.8136710577560886,0.0,-1.9876767926177532,0
220,2023-wimbledon-1701,Carlos Alcaraz,Novak Djokovic,3:14:05,4,2,221,2,1,1,0,40,30,2,1,2,114,107,0,0,0,0,0,0,0,0,0,0,0,0,0,0,0,1,0,0,0,1,0,43.231,20.94,5,117.0,C,NCTL,D,0,0,0,7,0,-0.99999950000025,0.511999995904,-1,-1,0,1,-1.8136710124329918,0.0,4.532309683114022e-08,0
221,2023-wimbledon-1701,Carlos Alcaraz,Novak Djokovic,3:14:43,4,2,222,2,1,1,0,40,40,2,1,2,114,108,0,0,0,0,0,1,F,0,0,0,0,0,1,0,1,0,0,0,0,0,0,41.1,15.414,5,124.0,C,CTL,ND,0,0,0,7,0,-0.99999950000025,0.511999995904,-3,-1,0,0,-3.860103524274045,0.0,-2.0464325118410533,0
222,2023-wimbledon-1701,Carlos Alcaraz,Novak Djokovic,3:15:18,4,2,223,2,1,1,0,40,AD,2,2,2,114,109,2,0,0,0,0,0,0,0,0,0,0,0,0,0,0,0,0,0,0,0,0,8.022,6.599,1,107.0,C,NCTL,ND,0,0,0,7,0,-0.9999990000010001,0.511999995904,-3,-1,0,0,-3.854498669410452,0.0,0.005604854863593189,0
223,2023-wimbledon-1701,Carlos Alcaraz,Novak Djokovic,3:16:06,4,3,224,2,1,1,1,0,0,1,2,1,115,109,0,0,0,0,0,0,0,0,0,0,0,0,0,0,0,0,0,0,0,0,0,3.852,4.127,1,111.0,BC,NCTL,D,0,1,0,6,0,0.0,0.511999995904,-1,1,0,0,-0.8842140625634947,1.0,2.970284606846957,0
224,2023-wimbledon-1701,Carlos Alcaraz,Novak Djokovic,3:16:43,4,3,225,2,1,1,1,15,0,1,2,2,115,110,0,0,0,0,0,0,0,1,0,1,0,0,0,0,0,0,0,0,0,0,0,5.689,5.561,0,,BW,CTL,ND,0,0,0,6,-1,0.0,0.511999995904,-1,1,-1,0,-0.2951731847826649,0.0,0.5890408777808298,0
225,2023-wimbledon-1701,Carlos Alcaraz,Novak Djokovic,3:17:19,4,3,226,2,1,1,1,15,15,1,1,1,116,110,0,0,0,0,1,0,B,0,0,0,0,1,0,1,0,0,0,0,0,0,0,12.932,13.51,5,123.0,C,NCTL,ND,0,1,1,6,-1,0.0,0.511999995904,1,1,-1,1,1.7557765146009,1.0,2.050949699383565,0
226,2023-wimbledon-1701,Carlos Alcaraz,Novak Djokovic,3:17:52,4,3,227,2,1,1,1,30,15,1,1,1,117,110,0,0,1,0,1,0,0,0,0,0,0,0,0,0,0,0,0,0,0,0,0,1.086,1.156,1,118.0,C,CTL,,1,1,0,6,0,0.0,0.511999995904,1,1,-1,2,1.3812574804357014,1.0,-0.3745190341651985,1
227,2023-wimbledon-1701,Carlos Alcaraz,Novak Djokovic,3:18:16,4,3,228,2,1,1,1,40,15,1,2,2,117,111,0,0,0,0,0,0,0,0,0,0,0,1,0,0,0,0,0,0,0,0,0,36.918,22.42,6,116.0,C,NCTL,D,0,0,0,6,1,0.0,0.511999995904,1,1,0,2,0.34288341977196723,0.0,-1.0383740606637342,1
228,2023-wimbledon-1701,Carlos Alcaraz,Novak Djokovic,3:19:10,4,3,229,2,1,1,1,40,30,1,2,2,117,112,0,0,0,0,0,0,0,0,0,0,0,0,0,0,0,0,0,0,0,0,0,15.274,14.373,4,98.0,W,CTL,D,0,0,0,6,1,0.0,0.511999995904,-1,1,0,1,-1.7110625837165678,0.0,-2.053946003488535,1
229,2023-wimbledon-1701,Carlos Alcaraz,Novak Djokovic,3:19:56,4,3,230,2,1,1,1,40,40,1,1,1,118,112,0,0,0,0,1,0,B,0,0,0,0,1,0,1,0,0,0,0,0,0,0,16.661,15.453,5,130.0,BC,CTL,ND,0,1,1,6,0,0.0,0.511999995904,-1,1,0,1,-1.0959386370107664,1.0,0.6151239467058014,1
230,2023-wimbledon-1701,Carlos Alcaraz,Novak Djokovic,3:20:31,4,3,231,2,1,1,1,AD,40,1,2,2,118,113,0,0,0,0,0,0,0,1,0,1,0,0,0,0,0,0,0,0,0,0,0,2.932,2.271,0,,BC,NCTL,,0,0,0,6,-1,0.0,0.511999995904,-1,1,-1,1,-0.39593630063164964,0.0,0.7000023363791168,0
231,2023-wimbledon-1701,Carlos Alcaraz,Novak Djokovic,3:21:09,4,3,232,2,1,1,1,40,40,1,1,1,119,113,0,0,1,0,1,0,0,0,0,0,0,0,0,0,0,0,0,0,0,0,0,1.02,0.992,1,114.0,W,CTL,,1,1,0,6,0,0.0,0.511999995904,1,1,-1,2,1.1246994857492507,1.0,1.5206357863809004,1
232,2023-wimbledon-1701,Carlos Alcaraz,Novak Djokovic,3:21:39,4,3,233,2,1,1,1,AD,40,1,2,2,119,114,0,0,0,0,0,1,F,0,0,0,0,0,0,0,0,0,0,0,0,0,0,20.326,21.163,6,89.0,BW,NCTL,ND,0,0,0,6,0,0.0,0.511999995904,-1,1,-1,1,-0.9600732738053508,0.0,-2.0847727595546015,0
233,2023-wimbledon-1701,Carlos Alcaraz,Novak Djokovic,3:22:27,4,3,234,2,1,1,1,40,40,1,2,1,120,114,0,0,0,0,1,0,F,0,0,0,0,1,0,1,0,0,0,0,0,0,0,48.671,52.041,15,102.0,BW,NCTL,D,0,1,1,6,1,0.0,0.511999995904,1,1,0,2,0.47476622437318433,1.0,1.434839498178535,1
234,2023-wimbledon-1701,Carlos Alcaraz,Novak Djokovic,3:23:33,4,3,235,2,1,1,1,AD,40,1,1,1,121,114,1,0,0,0,0,0,0,0,0,0,1,0,0,0,0,0,0,0,0,0,0,16.84,13.018,3,114.0,BW,CTL,D,0,1,0,6,0,0.0,0.511999995904,1,1,0,1,1.0264125627411496,1.0,0.5516463383679653,1
235,2023-wimbledon-1701,Carlos Alcaraz,Novak Djokovic,3:25:30,4,4,236,2,1,2,1,0,0,2,1,2,121,115,0,0,0,0,0,1,F,0,0,0,0,0,1,0,1,0,0,0,0,0,0,41.564,37.508,11,113.0,BW,NCTL,ND,0,0,0,7,0,0.0,0.511999995904,1,-1,0,1,0.09220410671466414,0.0,-0.9342084560264854,1
236,2023-wimbledon-1701,Carlos Alcaraz,Novak Djokovic,3:26:14,4,4,237,2,1,2,1,0,15,2,1,2,121,116,0,0,0,0,0,0,0,0,0,0,0,0,0,0,0,0,0,0,0,0,0,10.943,9.634,1,112.0,C,CTL,D,0,0,0,7,0,0.0,0.511999995904,-1,-1,0,0,-1.965580946990871,0.0,-2.057785053705535,0
237,2023-wimbledon-1701,Carlos Alcaraz,Novak Djokovic,3:26:55,4,4,238,2,1,2,1,0,30,2,2,1,122,116,0,0,0,0,1,0,F,0,0,0,0,0,1,0,0,0,0,0,0,0,0,35.75,34.032,10,95.0,B,NCTL,ND,0,1,1,7,0,0.0,0.511999995904,-1,-1,0,1,-1.8101607099736148,1.0,0.15542023701725616,0
238,2023-wimbledon-1701,Carlos Alcaraz,Novak Djokovic,3:27:55,4,4,239,2,1,2,1,15,30,2,1,1,123,116,0,0,0,0,0,0,0,0,0,0,0,0,0,0,0,0,0,0,0,0,0,43.248,19.176,6,120.0,B,NCTL,ND,0,1,1,7,0,0.0,0.511999995904,1,-1,0,1,0.24289976483181716,1.0,2.0530604748054317,0
239,2023-wimbledon-1701,Carlos Alcaraz,Novak Djokovic,3:28:35,4,4,240,2,1,2,1,30,30,2,2,2,123,117,0,0,0,0,0,0,0,0,0,0,0,0,1,0,1,0,0,0,0,0,0,10.007,6.415,3,94.0,B,NCTL,D,0,0,0,7,0,0.0,0.511999995904,1,-1,0,1,0.17021310860798713,0.0,-0.07268665622383003,0
240,2023-wimbledon-1701,Carlos Alcaraz,Novak Djokovic,3:29:38,4,4,241,2,1,2,1,30,40,2,1,1,124,117,0,0,0,0,1,0,F,0,0,0,0,0,1,0,0,0,0,0,0,0,0,33.438,20.132,6,121.0,B,CTL,D,0,1,1,7,0,0.0,0.511999995904,1,-1,0,1,0.21437212749461917,1.0,0.04415901888663204,0
241,2023-wimbledon-1701,Carlos Alcaraz,Novak Djokovic,3:30:20,4,4,242,2,1,2,1,40,40,2,2,2,124,118,0,0,0,0,0,0,0,0,0,0,0,0,1,0,1,0,0,0,0,0,0,25.741,27.255,5,90.0,W,NCTL,ND,0,0,0,7,0,0.0,0.511999995904,-1,-1,0,1,-1.8282898108195829,0.0,-2.042661938314202,0
242,2023-wimbledon-1701,Carlos Alcaraz,Novak Djokovic,3:31:20,4,4,243,2,1,2,1,40,AD,2,1,2,124,119,2,0,0,0,0,1,F,0,0,0,0,0,0,0,0,0,0,0,0,0,0,36.659,32.905,9,117.0,BW,NCTL,ND,0,0,0,7,0,0.0,0.511999995904,-1,-1,0,1,-1.8441368962828673,0.0,-0.015847085463284394,0
243,2023-wimbledon-1701,Carlos Alcaraz,Novak Djokovic,3:32:08,4,5,244,2,1,2,2,0,0,1,2,1,125,119,0,0,0,0,0,0,0,0,0,0,0,1,0,1,0,0,0,0,0,0,0,27.334,29.792,5,100.0,B,NCTL,ND,0,1,1,6,0,0.0,0.511999995904,-1,1,0,0,-0.8771277662247854,1.0,0.9670091300580819,0
244,2023-wimbledon-1701,Carlos Alcaraz,Novak Djokovic,3:32:56,4,5,245,2,1,2,2,15,0,1,2,2,125,120,0,0,0,0,0,1,B,0,0,0,0,0,1,0,1,0,0,0,0,0,0,25.959,24.598,6,94.0,BW,NCTL,D,0,0,0,6,0,0.0,0.511999995904,-1,1,0,0,-0.9099719631237682,0.0,-0.03284419689898277,0
245,2023-wimbledon-1701,Carlos Alcaraz,Novak Djokovic,3:33:46,4,5,246,2,1,2,2,15,15,1,1,1,126,120,0,0,0,0,0,0,0,0,0,0,1,0,0,0,0,0,0,0,0,0,0,11.339,12.646,3,122.0,B,CTL,D,0,1,0,6,0,0.0,0.511999995904,1,1,0,0,1.1381134016506962,1.0,2.0480853647744643,0
246,2023-wimbledon-1701,Carlos Alcaraz,Novak Djokovic,3:34:15,4,5,247,2,1,2,2,30,15,1,1,2,126,121,0,0,0,0,0,0,0,0,0,1,0,1,0,0,0,0,0,0,0,0,0,9.536,6.996,2,119.0,B,NCTL,,0,0,0,6,0,0.0,0.511999995904,-1,1,-1,0,-0.7802257710966951,0.0,-1.9183391727473913,0
247,2023-wimbledon-1701,Carlos Alcaraz,Novak Djokovic,3:34:49,4,5,248,2,1,2,2,30,30,1,1,2,126,122,0,0,0,0,0,0,0,0,0,0,0,0,0,0,0,0,0,0,0,0,0,20.723,34.85,6,114.0,BC,NCTL,D,0,0,0,6,0,0.0,0.511999995904,-1,1,-1,0,-0.8260050223737894,0.0,-0.04577925127709426,0
248,2023-wimbledon-1701,Carlos Alcaraz,Novak Djokovic,3:35:30,4,5,249,2,1,2,2,30,40,1,2,1,127,122,0,0,0,0,0,0,0,0,0,0,1,0,0,0,0,0,1,0,0,0,1,19.694,15.593,3,100.0,BW,NCTL,ND,0,1,0,6,0,0.9999990000010001,0.511999995904,-1,1,-1,0,-0.9067084161543035,1.0,-0.08070339378051417,0
249,2023-wimbledon-1701,Carlos Alcaraz,Novak Djokovic,3:36:20,4,5,250,2,1,2,2,40,40,1,2,2,127,123,0,0,0,0,0,0,0,0,0,0,0,0,0,0,0,0,0,0,0,0,0,5.034,6.864,2,111.0,W,CTL,,0,0,0,6,0,0.9999990000010001,0.511999995904,-1,1,0,0,-1.1052959677175682,0.0,-0.19858755156326469,0
250,2023-wimbledon-1701,Carlos Alcaraz,Novak Djokovic,3:37:46,4,5,251,2,1,2,2,40,AD,1,1,1,128,123,0,0,0,0,1,0,F,0,0,0,0,1,0,1,0,0,1,0,0,0,1,10.476,22.59,3,126.0,B,NCTL,ND,0,1,0,6,0,0.99999950000025,0.511999995904,1,1,0,1,1.0375825634012912,1.0,2.1428785311188596,0
251,2023-wimbledon-1701,Carlos Alcaraz,Novak Djokovic,3:38:20,4,5,252,2,1,2,2,40,40,1,1,2,128,124,0,0,0,0,0,0,0,0,0,0,0,0,0,0,0,0,0,0,0,0,0,13.966,19.392,4,130.0,C,NCTL,ND,0,0,0,6,0,0.9999990000010001,0.511999995904,-1,1,0,1,-1.1107188815822988,0.0,-2.14830144498359,0
252,2023-wimbledon-1701,Carlos Alcaraz,Novak Djokovic,3:39:00,4,5,253,2,1,2,2,40,AD,1,1,2,128,125,2,0,0,0,0,0,0,0,0,1,0,1,0,0,0,0,1,0,1,0,0,30.007,36.614,8,122.0,BC,NCTL,ND,0,0,0,6,0,0.0,0.511999995904,-1,1,-1,1,-0.8991011729662592,0.0,0.21161770861603957,0
253,2023-wimbledon-1701,Carlos Alcaraz,Novak Djokovic,3:41:07,4,6,254,2,1,2,3,0,0,2,1,2,128,126,0,0,0,0,0,0,0,0,0,1,0,0,0,0,0,0,0,0,0,0,0,24.151,9.023,3,113.0,W,NCTL,D,0,0,0,5,0,-0.9999990000010001,0.511999995904,-3,-1,-2,0,-3.5934202933935193,0.0,-2.6943191204272603,0
254,2023-wimbledon-1701,Carlos Alcaraz,Novak Djokovic,3:41:33,4,6,255,2,1,2,3,0,15,2,1,1,129,126,0,0,0,0,1,0,F,0,0,0,0,0,0,0,0,0,0,0,0,0,0,29.751,22.614,8,123.0,BW,NCTL,ND,0,1,1,5,0,-0.9999990000010001,0.511999995904,-1,-1,-2,1,-1.093976440572661,1.0,2.4994438528208582,0
255,2023-wimbledon-1701,Carlos Alcaraz,Novak Djokovic,3:42:14,4,6,256,2,1,2,3,15,15,2,1,2,129,127,0,0,0,0,0,1,F,0,0,0,0,0,1,0,1,0,0,0,0,0,0,23.423,9.914,3,113.0,W,CTL,ND,0,0,0,5,0,0.0,0.511999995904,-1,-1,-1,1,-1.5959331632799623,0.0,-0.5019567227073012,0
256,2023-wimbledon-1701,Carlos Alcaraz,Novak Djokovic,3:42:43,4,6,257,2,1,2,3,15,30,2,2,2,129,128,0,0,0,0,0,0,0,0,0,0,0,0,1,0,1,0,0,0,0,0,0,45.735,48.065,11,100.0,B,NCTL,D,0,0,0,5,0,0.0,0.511999995904,-1,-1,0,1,-1.8393256912768738,0.0,-0.24339252799691158,0
257,2023-wimbledon-1701,Carlos Alcaraz,Novak Djokovic,3:43:42,4,6,258,2,1,2,3,15,40,2,2,1,130,128,0,0,0,0,1,0,F,0,0,0,0,0,0,0,0,0,0,0,0,0,0,18.502,21.113,6,109.0,BC,NCTL,D,0,1,1,5,0,0.0,0.511999995904,-1,-1,0,1,-1.702381791278432,1.0,0.1369438999984418,0
258,2023-wimbledon-1701,Carlos Alcaraz,Novak Djokovic,3:44:35,4,6,259,2,1,2,3,30,40,2,1,2,130,129,2,0,0,0,0,0,0,0,0,0,0,0,0,0,0,0,0,0,0,0,0,13.279,5.487,1,115.0,C,NCTL,ND,0,0,0,5,0,0.0,0.511999995904,-1,-1,0,1,-1.7268933152279804,0.0,-0.024511523949548364,0
259,2023-wimbledon-1701,Carlos Alcaraz,Novak Djokovic,3:45:09,4,7,260,2,1,2,4,0,0,1,1,1,131,129,0,0,0,0,1,0,B,0,0,0,0,0,0,0,0,0,0,0,0,0,0,9.736,20.942,3,125.0,BC,NCTL,ND,0,1,0,4,0,0.0,0.511999995904,1,1,0,2,1.3421174650128531,1.0,3.0690107802408333,1
260,2023-wimbledon-1701,Carlos Alcaraz,Novak Djokovic,3:45:38,4,7,261,2,1,2,4,15,0,1,2,2,131,130,0,0,0,0,0,1,F,0,0,0,0,0,1,0,1,0,0,0,0,0,0,17.325,18.119,6,95.0,B,NCTL,D,0,0,0,4,0,0.0,0.511999995904,-1,1,0,1,-0.8365978966430401,0.0,-2.178715361655893,0
261,2023-wimbledon-1701,Carlos Alcaraz,Novak Djokovic,3:46:36,4,7,262,2,1,2,4,15,15,1,1,1,132,130,0,0,0,0,0,0,0,0,0,0,0,0,0,0,0,0,0,0,0,0,0,3.468,4.129,1,116.0,BW,NCTL,ND,0,1,0,4,0,0.0,0.511999995904,1,1,0,1,1.243307546545609,1.0,2.079905443188649,0
262,2023-wimbledon-1701,Carlos Alcaraz,Novak Djokovic,3:47:00,4,7,263,2,1,2,4,30,15,1,2,1,133,130,0,0,0,0,0,0,0,0,0,0,1,0,0,0,0,0,0,0,0,0,0,21.731,25.33,7,121.0,BC,CTL,ND,0,1,1,4,0,0.0,0.511999995904,1,1,0,0,1.2252219974698788,1.0,-0.018085549075730123,0
263,2023-wimbledon-1701,Carlos Alcaraz,Novak Djokovic,3:47:46,4,7,264,2,1,2,4,40,15,1,1,1,134,130,1,0,1,0,1,0,0,0,0,0,0,0,0,0,0,0,0,0,0,0,0,0.815,0.841,1,109.0,W,CTL,,1,1,0,4,1,0.0,0.511999995904,3,1,0,1,2.878410401428736,1.0,1.6531884039588574,0
264,2023-wimbledon-1701,Carlos Alcaraz,Novak Djokovic,3:49:35,4,8,265,2,1,3,4,0,0,2,1,2,134,131,0,0,0,0,0,0,0,0,0,0,0,0,1,0,1,0,0,0,0,0,0,14.467,11.85,3,122.0,C,NCTL,ND,0,0,0,5,1,0.0,0.511999995904,1,-1,0,1,-0.2216753512465769,0.0,-3.100085752675313,1
265,2023-wimbledon-1701,Carlos Alcaraz,Novak Djokovic,3:50:02,4,8,266,2,1,3,4,0,15,2,2,2,134,132,0,0,0,0,0,0,0,0,0,0,0,0,0,0,0,0,0,0,0,0,0,45.02,36.415,9,89.0,BW,NCTL,D,0,0,0,5,1,0.0,0.511999995904,-1,-1,0,1,-2.3121995636066854,0.0,-2.0905242123601084,0
266,2023-wimbledon-1701,Carlos Alcaraz,Novak Djokovic,3:50:56,4,8,267,2,1,3,4,0,30,2,1,2,134,133,0,0,0,0,0,1,F,0,0,0,0,0,1,0,1,0,0,0,0,0,0,15.256,9.227,3,108.0,W,CTL,ND,0,0,0,5,0,0.0,0.511999995904,-3,-1,0,0,-3.879119148294677,0.0,-1.5669195846879918,0
267,2023-wimbledon-1701,Carlos Alcaraz,Novak Djokovic,3:51:26,4,8,268,2,1,3,4,0,40,2,1,2,134,134,2,0,0,0,0,0,0,0,0,0,0,0,0,0,0,0,0,0,0,0,0,8.461,4.064,1,120.0,BW,CTL,ND,0,0,0,5,0,0.0,0.511999995904,-3,-1,0,0,-3.881204312772373,0.0,-0.002085164477696022,0
268,2023-wimbledon-1701,Carlos Alcaraz,Novak Djokovic,3:52:02,4,9,269,2,1,3,5,0,0,1,1,2,134,135,0,0,0,0,0,1,B,0,0,0,0,0,0,0,0,0,0,0,0,0,0,18.748,35.124,4,123.0,W,CTL,,0,0,0,4,0,0.0,0.511999995904,-3,1,0,0,-3.050484175136331,0.0,0.830720137636042,0
269,2023-wimbledon-1701,Carlos Alcaraz,Novak Djokovic,3:52:30,4,9,270,2,1,3,5,0,15,1,2,2,134,136,0,0,0,0,0,0,0,1,0,1,0,0,0,0,0,0,0,0,0,0,0,1.02,0.962,0,,W,CTL,,0,0,0,4,-1,0.0,0.511999995904,-3,1,-1,0,-2.3298993084441784,0.0,0.7205848666921528,0
270,2023-wimbledon-1701,Carlos Alcaraz,Novak Djokovic,3:53:13,4,9,271,2,1,3,5,0,30,1,2,2,134,137,0,0,0,0,0,0,0,0,0,0,0,0,0,0,0,0,0,0,0,0,0,8.514,13.07,2,104.0,B,NCTL,ND,0,0,0,4,-1,0.0,0.511999995904,-3,1,-1,0,-2.378763826379165,0.0,-0.04886451793498647,0
271,2023-wimbledon-1701,Carlos Alcaraz,Novak Djokovic,3:53:55,4,9,272,2,1,3,5,0,40,1,1,1,135,137,0,0,0,0,0,0,0,0,0,0,0,0,0,0,0,0,1,0,0,0,1,5.583,7.012,1,128.0,C,NCTL,ND,0,1,0,4,-1,0.9999990000010001,0.511999995904,-1,1,-1,0,-0.2909456418880264,1.0,2.0878181844911383,0
272,2023-wimbledon-1701,Carlos Alcaraz,Novak Djokovic,3:54:19,4,9,273,2,1,3,5,15,40,1,2,2,135,138,2,2,0,0,0,0,0,1,0,1,0,0,0,0,0,0,1,0,1,0,0,3.777,4.493,0,,C,CTL,,0,0,0,4,-1,0.0,0.511999995904,-1,1,-1,0,-0.24999780707195954,0.0,0.04094783481606687,0
273,2023-wimbledon-1701,Carlos Alcaraz,Novak Djokovic,3:57:11,5,1,274,2,2,0,0,0,0,2,2,2,135,139,0,0,0,0,0,0,0,0,0,0,0,1,0,0,0,0,0,0,0,0,0,24.728,15.65,5,97.0,W,CTL,D,0,0,0,0,-1,0.0,0.511999995904,-1,-1,-1,0,-1.0782091549717372,0.0,-0.8282113478997777,0
274,2023-wimbledon-1701,Carlos Alcaraz,Novak Djokovic,3:57:58,5,1,275,2,2,0,0,0,15,2,2,2,135,140,0,0,0,0,0,0,0,0,0,1,0,0,0,0,0,0,0,0,0,0,0,28.056,22.534,7,95.0,B,NCTL,ND,0,0,0,0,-1,-0.9999990000010001,0.511999995904,-3,-1,-2,0,-2.8515325870961568,0.0,-1.7733234321244196,0
275,2023-wimbledon-1701,Carlos Alcaraz,Novak Djokovic,3:59:07,5,1,276,2,2,0,0,0,30,2,2,1,136,140,0,0,0,0,1,0,F,0,0,0,0,0,0,0,0,0,0,0,0,0,0,7.73,4.64,2,109.0,BW,NCTL,ND,0,1,0,0,0,0.0,0.511999995904,-1,-1,-1,1,-1.572633702258084,1.0,1.2788988848380727,0
276,2023-wimbledon-1701,Carlos Alcaraz,Novak Djokovic,3:59:51,5,1,277,2,2,0,0,15,30,2,2,1,137,140,0,0,0,0,1,0,F,0,0,0,0,1,0,1,0,0,0,0,0,0,0,18.626,17.664,6,92.0,B,NCTL,ND,0,1,1,0,0,0.0,0.511999995904,1,-1,-1,2,0.6569735387159703,1.0,2.2296072409740546,0
277,2023-wimbledon-1701,Carlos Alcaraz,Novak Djokovic,4:00:47,5,1,278,2,2,0,0,30,30,2,1,1,138,140,0,0,0,0,1,0,B,0,0,0,0,0,1,0,0,0,0,0,0,0,0,12.669,12.304,4,123.0,C,NCTL,ND,0,1,0,0,0,0.0,0.511999995904,3,-1,0,3,2.672108390149281,1.0,2.0151348514333107,1
278,2023-wimbledon-1701,Carlos Alcaraz,Novak Djokovic,4:01:49,5,1,279,2,2,0,0,40,30,2,1,2,138,141,0,0,0,0,0,0,0,0,0,0,0,0,0,0,0,1,0,0,0,1,0,8.589,6.655,1,117.0,C,NCTL,ND,0,0,0,0,0,-0.9999990000010001,0.511999995904,1,-1,0,2,0.670021528870092,0.0,-2.002086861279189,0
279,2023-wimbledon-1701,Carlos Alcaraz,Novak Djokovic,4:02:19,5,1,280,2,2,0,0,40,40,2,1,2,138,142,0,0,0,0,0,0,0,0,0,0,0,0,0,0,0,0,0,0,0,0,0,7.427,4.598,1,124.0,C,CTL,ND,0,0,0,0,0,-0.9999990000010001,0.511999995904,-1,-1,0,1,-1.5869190584877355,0.0,-2.2569405873578274,1
280,2023-wimbledon-1701,Carlos Alcaraz,Novak Djokovic,4:02:47,5,1,281,2,2,0,0,40,AD,2,2,1,139,142,0,0,0,0,1,0,F,0,0,0,0,0,1,0,0,0,0,0,0,0,0,57.056,52.126,14,114.0,BC,NCTL,D,0,1,1,0,0,-0.9999990000010001,0.511999995904,-1,-1,0,1,-1.5869190584877355,1.0,0.0,0
281,2023-wimbledon-1701,Carlos Alcaraz,Novak Djokovic,4:04:02,5,1,282,2,2,0,0,40,40,2,1,2,139,143,0,0,0,0,0,0,0,0,0,0,0,0,0,0,0,0,0,0,0,0,0,2.138,1.318,1,126.0,C,NCTL,,0,0,0,0,0,0.0,0.511999995904,-1,-1,0,1,-1.7321326333178462,0.0,-0.14521357483011066,0
282,2023-wimbledon-1701,Carlos Alcaraz,Novak Djokovic,4:04:31,5,1,283,2,2,0,0,40,AD,2,2,2,139,144,2,0,0,0,0,0,0,0,0,1,0,1,0,0,0,0,0,0,0,0,0,15.773,11.383,3,93.0,B,NCTL,ND,0,0,0,0,0,0.0,0.511999995904,-1,-1,-1,1,-1.5527048587653938,0.0,0.1794277745524524,0
283,2023-wimbledon-1701,Carlos Alcaraz,Novak Djokovic,4:05:45,5,2,284,2,2,0,1,0,0,1,1,2,139,145,0,0,0,0,0,0,0,0,0,0,0,0,0,0,0,0,0,0,0,0,0,46.491,49.787,8,120.0,B,NCTL,ND,0,0,0,-1,0,0.0,0.511999995904,-3,1,-1,0,-2.858843900491223,0.0,-1.3061390417258294,0
284,2023-wimbledon-1701,Carlos Alcaraz,Novak Djokovic,4:06:36,5,2,285,2,2,0,1,0,15,1,1,1,140,145,0,0,0,0,1,0,F,0,0,0,0,0,0,0,0,0,0,0,0,0,0,19.304,43.241,5,115.0,BW,NCTL,ND,0,1,1,-1,0,0.0,0.511999995904,-1,1,-1,1,-0.5915489792334446,1.0,2.2672949212577787,0
285,2023-wimbledon-1701,Carlos Alcaraz,Novak Djokovic,4:07:12,5,2,286,2,2,0,1,15,15,1,2,2,140,146,0,0,0,0,0,0,0,0,0,1,0,0,0,0,0,0,0,0,0,0,0,6.127,8.362,2,95.0,BW,NCTL,ND,0,0,0,-1,0,0.0,0.511999995904,-1,1,-1,1,-0.6813439071057944,0.0,-0.08979492787234977,0
286,2023-wimbledon-1701,Carlos Alcaraz,Novak Djokovic,4:07:59,5,2,287,2,2,0,1,15,30,1,1,1,141,146,0,0,0,0,0,0,0,0,0,0,0,0,0,0,0,0,0,0,0,0,0,11.511,19.837,3,118.0,C,CTL,,0,1,0,-1,0,0.0,0.511999995904,1,1,-1,1,1.523428622584956,1.0,2.2047725296907505,1
287,2023-wimbledon-1701,Carlos Alcaraz,Novak Djokovic,4:08:33,5,2,288,2,2,0,1,30,30,1,2,2,141,147,0,0,0,0,0,0,0,0,0,0,0,0,0,0,0,0,0,0,0,0,0,16.367,14.441,4,93.0,C,NCTL,D,0,0,0,-1,0,0.0,0.511999995904,-1,1,-1,0,-0.7446703218115742,0.0,-2.26809894439653,0
288,2023-wimbledon-1701,Carlos Alcaraz,Novak Djokovic,4:09:19,5,2,289,2,2,0,1,30,40,1,1,1,142,147,0,0,0,0,0,0,0,0,0,0,0,0,0,0,0,0,1,0,0,0,1,70.542,65.59,17,122.0,BW,NCTL,ND,0,1,1,-1,0,0.9999990000010001,0.511999995904,1,1,0,0,1.0788813504372199,1.0,1.823551672248794,0
289,2023-wimbledon-1701,Carlos Alcaraz,Novak Djokovic,4:10:25,5,2,290,2,2,0,1,40,40,1,2,1,143,147,0,0,0,0,1,0,F,0,0,0,0,0,0,0,0,0,0,0,0,0,0,9.154,10.895,3,101.0,B,NCTL,ND,0,1,0,-1,0,0.9999990000010001,0.511999995904,1,1,0,1,1.1575345194110458,1.0,0.0786531689738259,0
290,2023-wimbledon-1701,Carlos Alcaraz,Novak Djokovic,4:11:15,5,2,291,2,2,0,1,AD,40,1,2,1,144,147,1,0,0,0,1,0,F,0,0,0,0,0,0,0,0,0,0,0,0,0,0,24.903,26.24,7,87.0,B,NCTL,ND,0,1,1,-1,0,0.9999990000010001,0.511999995904,3,1,0,2,3.4024422265598098,1.0,2.244907707148764,0
291,2023-wimbledon-1701,Carlos Alcaraz,Novak Djokovic,4:12:24,5,3,292,2,2,1,1,0,0,2,1,1,145,147,0,0,0,0,1,0,B,0,0,0,0,0,0,0,0,0,0,0,0,0,0,30.085,27.675,8,117.0,W,CTL,D,0,1,1,0,0,0.0,0.511999995904,3,-1,0,3,2.6795753281198804,1.0,-0.7228668984399294,1
292,2023-wimbledon-1701,Carlos Alcaraz,Novak Djokovic,4:13:06,5,3,293,2,2,1,1,15,0,2,1,2,145,148,0,0,0,0,0,0,0,0,0,0,0,0,0,0,0,0,0,0,0,0,0,14.747,10.949,3,118.0,C,NCTL,ND,0,0,0,0,0,0.0,0.511999995904,1,-1,0,2,0.29139908407610116,0.0,-2.3881762440437795,1
293,2023-wimbledon-1701,Carlos Alcaraz,Novak Djokovic,4:13:38,5,3,294,2,2,1,1,15,15,2,2,1,146,148,0,0,0,0,1,0,F,0,0,0,0,1,0,1,0,0,0,0,0,0,0,26.608,21.128,8,88.0,C,NCTL,ND,0,1,1,0,0,0.0,0.511999995904,1,-1,0,2,0.40070621142148494,1.0,0.10930712734538378,1
294,2023-wimbledon-1701,Carlos Alcaraz,Novak Djokovic,4:14:55,5,3,295,2,2,1,1,30,15,2,1,2,146,149,0,0,0,0,0,0,0,0,0,0,0,0,0,0,0,0,0,0,0,0,0,17.807,9.745,3,125.0,W,CTL,ND,0,0,0,0,0,0.0,0.511999995904,-1,-1,0,1,-1.8655286156352535,0.0,-2.2662348270567385,0
295,2023-wimbledon-1701,Carlos Alcaraz,Novak Djokovic,4:15:28,5,3,296,2,2,1,1,30,30,2,1,1,147,149,0,0,0,0,0,0,0,0,0,0,1,0,0,0,0,0,0,0,0,0,0,8.418,5.321,2,123.0,BC,NCTL,ND,0,1,0,0,0,0.0,0.511999995904,1,-1,0,1,0.40455408463899845,1.0,2.270082700274252,1
296,2023-wimbledon-1701,Carlos Alcaraz,Novak Djokovic,4:16:05,5,3,297,2,2,1,1,40,30,2,1,1,148,149,1,0,0,0,1,0,B,0,0,0,0,0,1,0,0,1,0,1,0,0,0,59.324,45.194,14,121.0,C,NCTL,D,0,1,1,0,0,0.9999990000010001,0.511999995904,1,-1,0,1,0.24625046133419204,1.0,-0.1583036233048064,0
297,2023-wimbledon-1701,Carlos Alcaraz,Novak Djokovic,4:18:08,5,4,298,2,2,2,1,0,0,1,1,1,149,149,0,0,0,0,0,0,0,0,0,0,0,0,0,0,0,0,0,0,0,0,0,4.242,5.111,1,110.0,BW,NCTL,ND,0,1,0,1,0,0.9999990000010001,0.511999995904,3,1,0,1,3.41915882526384,1.0,3.172908363929648,0
298,2023-wimbledon-1701,Carlos Alcaraz,Novak Djokovic,4:18:35,5,4,299,2,2,2,1,15,0,1,1,1,150,149,0,0,0,0,0,0,0,0,0,0,0,0,0,0,0,0,0,0,0,0,0,4.133,5.952,1,119.0,C,NCTL,ND,0,1,0,1,0,0.9999990000010001,0.511999995904,3,1,0,1,3.452421240244525,1.0,0.03326241498068505,0
299,2023-wimbledon-1701,Carlos Alcaraz,Novak Djokovic,4:19:02,5,4,300,2,2,2,1,30,0,1,1,1,151,149,0,0,0,0,0,0,0,0,0,0,0,0,0,0,0,0,0,0,0,0,0,7.917,10.188,1,114.0,W,NCTL,D,0,1,0,1,0,0.0,0.511999995904,3,1,0,0,3.596206413967094,1.0,0.14378517372256905,0
300,2023-wimbledon-1701,Carlos Alcaraz,Novak Djokovic,4:19:28,5,4,301,2,2,2,1,40,0,1,1,1,152,149,1,0,1,0,1,0,0,0,0,0,0,0,0,0,0,0,0,0,0,0,0,0.851,0.676,1,123.0,C,CTL,,1,1,0,1,1,0.0,0.511999995904,3,1,0,1,3.150960529608778,1.0,-0.4452458843583158,0
301,2023-wimbledon-1701,Carlos Alcaraz,Novak Djokovic,4:20:10,5,5,302,2,2,3,1,0,0,2,2,2,152,150,0,0,0,0,0,0,0,0,0,0,0,0,0,0,0,0,0,0,0,0,0,3.344,3.502,1,107.0,B,NCTL,D,0,0,0,2,1,0.0,0.511999995904,1,-1,0,1,-0.036895124728209855,0.0,-3.187855654336988,1
302,2023-wimbledon-1701,Carlos Alcaraz,Novak Djokovic,4:20:49,5,5,303,2,2,3,1,0,15,2,1,2,152,151,0,0,0,0,0,0,0,0,0,0,0,0,0,0,0,0,0,0,0,0,0,8.14,5.047,1,121.0,W,CTL,D,0,0,0,2,1,0.0,0.511999995904,-1,-1,0,1,-2.3115349572478765,0.0,-2.2746398325196666,0
303,2023-wimbledon-1701,Carlos Alcaraz,Novak Djokovic,4:21:13,5,5,304,2,2,3,1,0,30,2,1,2,152,152,0,0,0,0,0,0,0,0,0,0,0,0,0,0,0,0,0,0,0,0,0,10.781,2.412,1,124.0,C,NCTL,,0,0,0,2,0,0.0,0.511999995904,-3,-1,0,0,-4.0669330553961895,0.0,-1.755398098148313,0
304,2023-wimbledon-1701,Carlos Alcaraz,Novak Djokovic,4:21:35,5,5,305,2,2,3,1,0,40,2,2,1,153,152,0,0,0,0,0,0,0,0,0,0,1,0,0,0,0,0,0,0,0,0,0,10.657,8.966,2,100.0,B,NCTL,D,0,1,0,2,0,0.0,0.511999995904,-1,-1,0,0,-1.7317165779361714,1.0,2.335216477460018,0
305,2023-wimbledon-1701,Carlos Alcaraz,Novak Djokovic,4:22:15,5,5,306,2,2,3,1,15,40,2,1,2,153,153,2,0,0,0,0,0,0,0,0,0,0,0,0,0,0,0,0,0,0,0,0,20.456,10.654,3,123.0,C,CTL,ND,0,0,0,2,0,0.0,0.511999995904,-1,-1,0,0,-1.773068403238231,0.0,-0.0413518253020595,0
306,2023-wimbledon-1701,Carlos Alcaraz,Novak Djokovic,4:23:53,5,6,307,2,2,3,2,0,0,1,2,2,153,154,0,0,0,0,0,0,0,0,0,0,0,0,1,0,1,0,0,0,0,0,0,20.512,19.453,4,99.0,BC,NCTL,ND,0,0,0,1,0,0.0,0.511999995904,-1,1,0,0,-0.9530062894209139,0.0,0.820062113817317,0
307,2023-wimbledon-1701,Carlos Alcaraz,Novak Djokovic,4:24:40,5,6,308,2,2,3,2,0,15,1,2,1,154,154,0,0,0,0,0,0,0,0,0,0,0,1,0,1,0,0,0,0,0,0,0,10.757,12.306,3,121.0,BC,NCTL,ND,0,1,0,1,0,0.0,0.511999995904,-1,1,0,0,-0.8683872675204815,1.0,0.08461902190043247,1
308,2023-wimbledon-1701,Carlos Alcaraz,Novak Djokovic,4:25:26,5,6,309,2,2,3,2,15,15,1,1,2,154,155,0,0,0,0,0,0,0,0,0,0,0,0,0,0,0,0,0,0,0,0,0,13.286,22.353,2,119.0,BW,NCTL,ND,0,0,0,1,0,0.0,0.511999995904,-1,1,0,0,-0.9503272158944451,0.0,-0.08193994837396368,0
309,2023-wimbledon-1701,Carlos Alcaraz,Novak Djokovic,4:25:55,5,6,310,2,2,3,2,15,30,1,2,1,155,155,0,0,0,0,0,0,0,0,0,0,0,0,0,0,0,0,0,0,0,0,0,4.419,6.353,1,100.0,B,NCTL,D,0,1,0,1,0,0.0,0.511999995904,1,1,0,0,1.2484089405362138,1.0,2.198736156430659,0
310,2023-wimbledon-1701,Carlos Alcaraz,Novak Djokovic,4:26:37,5,6,311,2,2,3,2,30,30,1,1,1,156,155,0,0,0,0,0,0,0,0,0,0,1,0,0,0,0,0,0,0,0,0,0,14.776,13.091,3,128.0,BC,NCTL,D,0,1,0,1,0,0.0,0.511999995904,1,1,0,0,1.2937662989825103,1.0,0.045357358446296514,0
311,2023-wimbledon-1701,Carlos Alcaraz,Novak Djokovic,4:27:09,5,6,312,2,2,3,2,40,30,1,1,1,157,155,1,0,1,0,1,0,0,0,0,0,0,0,0,0,0,0,0,0,0,0,0,0.766,0.767,1,123.0,W,CTL,,1,1,0,1,1,0.0,0.511999995904,3,1,0,1,2.968696071643446,1.0,1.6749297726609356,0
312,2023-wimbledon-1701,Carlos Alcaraz,Novak Djokovic,4:27:39,5,7,313,2,2,4,2,0,0,2,1,2,157,156,0,0,0,0,0,0,0,0,0,0,0,0,0,0,0,0,0,0,0,0,0,5.634,2.917,1,123.0,C,CTL,ND,0,0,0,2,1,0.0,0.511999995904,1,-1,0,1,-0.1795585688776271,0.0,-3.148254640521073,0
313,2023-wimbledon-1701,Carlos Alcaraz,Novak Djokovic,4:27:54,5,7,314,2,2,4,2,0,15,2,1,1,158,156,0,0,0,0,1,0,F,0,0,0,0,0,0,0,0,0,0,0,0,0,0,8.655,9.243,4,118.0,C,NCTL,D,0,1,0,2,1,0.0,0.511999995904,1,-1,0,2,0.014250125116607795,1.0,0.1938086939942349,1
314,2023-wimbledon-1701,Carlos Alcaraz,Novak Djokovic,4:28:40,5,7,315,2,2,4,2,15,15,2,1,2,158,157,0,0,0,0,0,0,0,0,0,0,0,0,1,0,1,0,0,0,0,0,0,48.552,35.878,9,109.0,BW,NCTL,D,0,0,0,2,0,0.0,0.511999995904,-1,-1,0,1,-1.8214095355272222,0.0,-1.83565966064383,0
315,2023-wimbledon-1701,Carlos Alcaraz,Novak Djokovic,4:29:22,5,7,316,2,2,4,2,15,30,2,1,1,159,157,0,0,0,0,1,0,F,0,0,0,0,0,1,0,0,0,0,0,0,0,0,14.99,9.497,4,115.0,C,CTL,ND,0,1,0,2,0,0.0,0.511999995904,1,-1,0,2,0.5478837441980423,1.0,2.3692932797252646,0
316,2023-wimbledon-1701,Carlos Alcaraz,Novak Djokovic,4:29:59,5,7,317,2,2,4,2,30,30,2,2,2,159,158,0,0,0,0,0,1,B,0,0,0,0,0,0,0,0,0,0,0,0,0,0,14.929,7.187,3,105.0,W,NCTL,ND,0,0,0,2,0,0.0,0.511999995904,-1,-1,0,1,-1.7212104916670377,0.0,-2.26909423586508,0
317,2023-wimbledon-1701,Carlos Alcaraz,Novak Djokovic,4:30:59,5,7,318,2,2,4,2,30,40,2,1,2,159,159,2,0,0,0,0,0,0,0,0,0,0,0,0,0,0,0,0,0,0,0,0,15.338,13.049,3,124.0,BW,CTL,ND,0,0,0,2,0,0.0,0.511999995904,-1,-1,0,1,-1.7212104916670377,0.0,0.0,0
318,2023-wimbledon-1701,Carlos Alcaraz,Novak Djokovic,4:32:45,5,8,319,2,2,4,3,0,0,1,1,2,159,160,0,0,0,0,0,0,0,0,0,1,0,0,0,0,0,0,0,0,0,0,0,15.451,51.222,4,112.0,W,CTL,D,0,0,0,1,0,0.0,0.511999995904,-3,1,-1,0,-2.9214669668952373,0.0,-1.2002564752281997,1
319,2023-wimbledon-1701,Carlos Alcaraz,Novak Djokovic,4:33:13,5,8,320,2,2,4,3,0,15,1,2,1,160,160,0,0,0,0,0,0,0,0,0,0,0,0,0,0,0,0,0,0,0,0,0,5.732,5.259,1,88.0,BW,NCTL,D,0,1,0,1,0,0.0,0.511999995904,-1,1,-1,0,-0.5970299688353056,1.0,2.324436998059932,0
320,2023-wimbledon-1701,Carlos Alcaraz,Novak Djokovic,4:33:51,5,8,321,2,2,4,3,15,15,1,2,1,161,160,0,0,0,0,0,0,0,0,0,0,0,0,0,0,0,0,0,0,0,0,0,18.146,16.37,5,99.0,BC,CTL,D,0,1,1,1,0,0.0,0.511999995904,1,1,-1,0,1.6175190412565548,1.0,2.2145490100918606,0
321,2023-wimbledon-1701,Carlos Alcaraz,Novak Djokovic,4:34:38,5,8,322,2,2,4,3,30,15,1,1,1,162,160,0,0,0,0,1,0,F,0,0,0,0,0,0,0,0,0,0,0,0,0,0,9.024,13.154,3,115.0,C,NCTL,ND,0,1,0,1,0,0.0,0.511999995904,3,1,0,1,3.70305847078877,1.0,2.0855394295322154,0
322,2023-wimbledon-1701,Carlos Alcaraz,Novak Djokovic,4:35:05,5,8,323,2,2,4,3,40,15,1,2,1,163,160,1,0,1,0,1,0,0,0,0,0,0,0,0,0,0,0,0,0,0,0,0,6.489,7.329,1,108.0,W,CTL,D,1,1,0,1,1,0.0,0.511999995904,3,1,0,2,3.3634871424711297,1.0,-0.3395713283176405,0
323,2023-wimbledon-1701,Carlos Alcaraz,Novak Djokovic,4:35:50,5,9,324,2,2,5,3,0,0,2,1,2,163,161,0,0,0,0,0,1,F,0,0,0,0,0,1,0,1,0,0,0,0,0,0,17.628,14.786,5,111.0,W,NCTL,ND,0,0,0,2,1,0.0,0.511999995904,1,-1,0,2,0.1751898875409706,0.0,-3.188297254930159,1
324,2023-wimbledon-1701,Carlos Alcaraz,Novak Djokovic,4:36:18,5,9,325,2,2,5,3,0,15,2,1,2,163,162,0,0,0,0,0,0,0,0,0,0,0,0,0,0,0,0,0,0,0,0,0,22.495,11.196,1,110.0,C,NCTL,D,0,0,0,2,1,0.0,0.511999995904,-1,-1,0,1,-2.0897438764918905,0.0,-2.264933764032861,0
325,2023-wimbledon-1701,Carlos Alcaraz,Novak Djokovic,4:36:44,5,9,326,2,2,5,3,0,30,2,1,2,163,163,0,0,0,0,0,0,0,0,0,0,0,0,0,0,0,0,0,0,0,0,0,8.686,7.679,1,108.0,W,CTL,ND,0,0,0,2,0,0.0,0.511999995904,-3,-1,0,0,-3.9581430859796245,0.0,-1.868399209487734,0
326,2023-wimbledon-1701,Carlos Alcaraz,Novak Djokovic,4:37:13,5,9,327,2,2,5,3,0,40,2,1,1,164,163,0,0,0,0,0,0,0,0,0,0,0,0,0,0,0,0,0,0,0,0,0,16.135,6.657,2,123.0,C,NCTL,ND,0,1,0,2,0,0.0,0.511999995904,-1,-1,0,0,-1.6063728544024571,1.0,2.3517702315771674,0
327,2023-wimbledon-1701,Carlos Alcaraz,Novak Djokovic,4:37:38,5,9,328,2,2,5,3,15,40,2,2,2,164,164,2,0,0,0,0,0,0,0,0,0,0,0,0,0,0,0,0,0,0,0,0,4.15,3.609,1,99.0,BW,NCTL,D,0,0,0,2,0,0.0,0.511999995904,-1,-1,0,0,-1.6696820721723156,0.0,-0.06330921776985843,0
328,2023-wimbledon-1701,Carlos Alcaraz,Novak Djokovic,4:39:31,5,10,329,2,2,5,4,0,0,1,1,2,164,165,0,0,0,0,0,0,0,0,0,1,0,0,0,0,0,0,0,0,0,0,0,6.772,10.303,2,127.0,C,NCTL,ND,0,0,0,1,0,0.0,0.511999995904,-1,1,-1,0,-0.6845980813080548,0.0,0.9850839908642608,0
329,2023-wimbledon-1701,Carlos Alcaraz,Novak Djokovic,4:39:58,5,10,330,2,2,5,4,0,15,1,1,1,165,165,0,0,0,0,1,0,F,0,0,0,0,0,1,0,0,0,0,0,0,0,0,38.62,50.971,11,123.0,C,NCTL,D,0,1,1,1,0,0.0,0.511999995904,-1,1,-1,1,-0.5100016528844676,1.0,0.17459642842358714,1
330,2023-wimbledon-1701,Carlos Alcaraz,Novak Djokovic,4:40:43,5,10,331,2,2,5,4,15,15,1,1,1,166,165,0,0,0,0,1,0,B,0,0,0,0,1,0,1,0,0,0,0,0,0,0,17.533,27.766,5,114.0,W,NCTL,ND,0,1,1,1,0,0.0,0.511999995904,1,1,-1,2,1.8475235591695243,1.0,2.357525212053992,0
331,2023-wimbledon-1701,Carlos Alcaraz,Novak Djokovic,4:41:20,5,10,332,2,2,5,4,30,15,1,1,2,166,166,0,0,0,0,0,1,F,0,0,0,0,0,0,0,0,0,0,0,0,0,0,10.882,18.328,4,124.0,W,NCTL,D,0,0,0,1,0,0.0,0.511999995904,1,1,0,2,1.304112717125473,0.0,-0.5434108420440513,0
332,2023-wimbledon-1701,Carlos Alcaraz,Novak Djokovic,4:41:52,5,10,333,2,2,5,4,30,30,1,1,1,167,166,0,0,0,0,0,0,0,0,0,0,0,0,0,0,0,0,0,0,0,0,0,7.893,10.537,1,130.0,C,NCTL,D,0,1,0,1,0,0.0,0.511999995904,1,1,0,1,1.4038453222632021,1.0,0.09973260513772919,0
333,2023-wimbledon-1701,Carlos Alcaraz,Novak Djokovic,4:42:27,5,10,334,2,2,5,4,40,30,1,1,1,168,166,1,1,0,0,0,0,0,0,0,0,0,1,0,1,0,0,0,0,0,0,0,17.811,25.367,3,129.0,BW,NCTL,ND,0,1,0,1,0,0.0,0.511999995904,1,1,0,0,1.4888532742323575,1.0,0.08500795196915534,0
