<?xml version="1.0" encoding="UTF-8"?>
<GenRun Id="impl_1" LaunchPart="xc7a35tcpg236-1" LaunchTime="1667652603">
  <File Type="BITSTR-BMM" Name="pmdmd_bd.bmm"/>
  <File Type="OPT-METHODOLOGY-DRC" Name="pmdmd_methodology_drc_opted.rpt"/>
  <File Type="INIT-TIMING" Name="pmdmd_timing_summary_init.rpt"/>
  <File Type="ROUTE-PWR" Name="pmdmd_power_routed.rpt"/>
  <File Type="PA-TCL" Name="pmdmd.tcl"/>
  <File Type="OPT-TIMING" Name="pmdmd_timing_summary_opted.rpt"/>
  <File Type="OPT-DCP" Name="pmdmd_opt.dcp"/>
  <File Type="ROUTE-PWR-SUM" Name="pmdmd_power_summary_routed.pb"/>
  <File Type="REPORTS-TCL" Name="pmdmd_reports.tcl"/>
  <File Type="OPT-DRC" Name="pmdmd_drc_opted.rpt"/>
  <File Type="OPT-HWDEF" Name="pmdmd.hwdef"/>
  <File Type="PWROPT-DCP" Name="pmdmd_pwropt.dcp"/>
  <File Type="PWROPT-DRC" Name="pmdmd_drc_pwropted.rpt"/>
  <File Type="PWROPT-TIMING" Name="pmdmd_timing_summary_pwropted.rpt"/>
  <File Type="PLACE-DCP" Name="pmdmd_placed.dcp"/>
  <File Type="PLACE-IO" Name="pmdmd_io_placed.rpt"/>
  <File Type="PLACE-CLK" Name="pmdmd_clock_utilization_placed.rpt"/>
  <File Type="PLACE-UTIL" Name="pmdmd_utilization_placed.rpt"/>
  <File Type="PLACE-UTIL-PB" Name="pmdmd_utilization_placed.pb"/>
  <File Type="PLACE-CTRL" Name="pmdmd_control_sets_placed.rpt"/>
  <File Type="PLACE-SIMILARITY" Name="pmdmd_incremental_reuse_placed.rpt"/>
  <File Type="PLACE-PRE-SIMILARITY" Name="pmdmd_incremental_reuse_pre_placed.rpt"/>
  <File Type="BG-BGN" Name="pmdmd.bgn"/>
  <File Type="PLACE-TIMING" Name="pmdmd_timing_summary_placed.rpt"/>
  <File Type="POSTPLACE-PWROPT-DCP" Name="pmdmd_postplace_pwropt.dcp"/>
  <File Type="BG-BIN" Name="pmdmd.bin"/>
  <File Type="POSTPLACE-PWROPT-TIMING" Name="pmdmd_timing_summary_postplace_pwropted.rpt"/>
  <File Type="PHYSOPT-DCP" Name="pmdmd_physopt.dcp"/>
  <File Type="PHYSOPT-DRC" Name="pmdmd_drc_physopted.rpt"/>
  <File Type="BITSTR-MSK" Name="pmdmd.msk"/>
  <File Type="PHYSOPT-TIMING" Name="pmdmd_timing_summary_physopted.rpt"/>
  <File Type="ROUTE-ERROR-DCP" Name="pmdmd_routed_error.dcp"/>
  <File Type="ROUTE-DCP" Name="pmdmd_routed.dcp"/>
  <File Type="ROUTE-BLACKBOX-DCP" Name="pmdmd_routed_bb.dcp"/>
  <File Type="ROUTE-DRC" Name="pmdmd_drc_routed.rpt"/>
  <File Type="ROUTE-DRC-PB" Name="pmdmd_drc_routed.pb"/>
  <File Type="BITSTR-LTX" Name="debug_nets.ltx"/>
  <File Type="BITSTR-LTX" Name="pmdmd.ltx"/>
  <File Type="ROUTE-DRC-RPX" Name="pmdmd_drc_routed.rpx"/>
  <File Type="BITSTR-MMI" Name="pmdmd.mmi"/>
  <File Type="ROUTE-METHODOLOGY-DRC" Name="pmdmd_methodology_drc_routed.rpt"/>
  <File Type="ROUTE-METHODOLOGY-DRC-RPX" Name="pmdmd_methodology_drc_routed.rpx"/>
  <File Type="BITSTR-SYSDEF" Name="pmdmd.sysdef"/>
  <File Type="ROUTE-METHODOLOGY-DRC-PB" Name="pmdmd_methodology_drc_routed.pb"/>
  <File Type="ROUTE-PWR-RPX" Name="pmdmd_power_routed.rpx"/>
  <File Type="ROUTE-STATUS" Name="pmdmd_route_status.rpt"/>
  <File Type="ROUTE-STATUS-PB" Name="pmdmd_route_status.pb"/>
  <File Type="ROUTE-TIMINGSUMMARY" Name="pmdmd_timing_summary_routed.rpt"/>
  <File Type="ROUTE-TIMING-PB" Name="pmdmd_timing_summary_routed.pb"/>
  <File Type="ROUTE-TIMING-RPX" Name="pmdmd_timing_summary_routed.rpx"/>
  <File Type="ROUTE-SIMILARITY" Name="pmdmd_incremental_reuse_routed.rpt"/>
  <File Type="ROUTE-CLK" Name="pmdmd_clock_utilization_routed.rpt"/>
  <File Type="ROUTE-BUS-SKEW" Name="pmdmd_bus_skew_routed.rpt"/>
  <File Type="ROUTE-BUS-SKEW-PB" Name="pmdmd_bus_skew_routed.pb"/>
  <File Type="ROUTE-BUS-SKEW-RPX" Name="pmdmd_bus_skew_routed.rpx"/>
  <File Type="POSTROUTE-PHYSOPT-DCP" Name="pmdmd_postroute_physopt.dcp"/>
  <File Type="POSTROUTE-PHYSOPT-BLACKBOX-DCP" Name="pmdmd_postroute_physopt_bb.dcp"/>
  <File Type="POSTROUTE-PHYSOPT-TIMING" Name="pmdmd_timing_summary_postroute_physopted.rpt"/>
  <File Type="POSTROUTE-PHYSOPT-TIMING-PB" Name="pmdmd_timing_summary_postroute_physopted.pb"/>
  <File Type="POSTROUTE-PHYSOPT-TIMING-RPX" Name="pmdmd_timing_summary_postroute_physopted.rpx"/>
  <File Type="POSTROUTE-PHYSOPT-BUS-SKEW" Name="pmdmd_bus_skew_postroute_physopted.rpt"/>
  <File Type="POSTROUTE-PHYSOPT-BUS-SKEW-PB" Name="pmdmd_bus_skew_postroute_physopted.pb"/>
  <File Type="BG-BIT" Name="pmdmd.bit"/>
  <File Type="POSTROUTE-PHYSOPT-BUS-SKEW-RPX" Name="pmdmd_bus_skew_postroute_physopted.rpx"/>
  <File Type="BITSTR-RBT" Name="pmdmd.rbt"/>
  <File Type="BITSTR-NKY" Name="pmdmd.nky"/>
  <File Type="BG-DRC" Name="pmdmd.drc"/>
  <File Type="RDI-RDI" Name="pmdmd.vdi"/>
  <File Type="WBT-USG" Name="usage_statistics_webtalk.html"/>
  <FileSet Name="sources" Type="DesignSrcs" RelSrcDir="$PSRCDIR/sources_1">
    <Filter Type="Srcs"/>
    <File Path="$PSRCDIR/sources_1/new/count8.v">
      <FileInfo>
        <Attr Name="UsedIn" Val="synthesis"/>
        <Attr Name="UsedIn" Val="implementation"/>
        <Attr Name="UsedIn" Val="simulation"/>
      </FileInfo>
    </File>
    <File Path="$PSRCDIR/sources_1/new/div_clk.v">
      <FileInfo>
        <Attr Name="UsedIn" Val="synthesis"/>
        <Attr Name="UsedIn" Val="implementation"/>
        <Attr Name="UsedIn" Val="simulation"/>
      </FileInfo>
    </File>
    <File Path="$PSRCDIR/sources_1/new/pmdmd.v">
      <FileInfo>
        <Attr Name="UsedIn" Val="synthesis"/>
        <Attr Name="UsedIn" Val="implementation"/>
        <Attr Name="UsedIn" Val="simulation"/>
      </FileInfo>
    </File>
    <File Path="$PSRCDIR/sources_1/ip/decode_1/decode_1.xci">
      <FileInfo>
        <Attr Name="AutoDisabled" Val="1"/>
        <Attr Name="UsedIn" Val="synthesis"/>
        <Attr Name="UsedIn" Val="implementation"/>
        <Attr Name="UsedIn" Val="simulation"/>
      </FileInfo>
    </File>
    <Config>
      <Option Name="DesignMode" Val="RTL"/>
      <Option Name="TopModule" Val="pmdmd"/>
    </Config>
  </FileSet>
  <FileSet Name="constrs_in" Type="Constrs" RelSrcDir="$PSRCDIR/constrs_1">
    <Filter Type="Constrs"/>
    <File Path="$PSRCDIR/constrs_1/new/pmd_xdc.xdc">
      <FileInfo>
        <Attr Name="UsedIn" Val="synthesis"/>
        <Attr Name="UsedIn" Val="implementation"/>
      </FileInfo>
    </File>
    <Config>
      <Option Name="ConstrsType" Val="XDC"/>
    </Config>
  </FileSet>
  <FileSet Name="utils" Type="Utils" RelSrcDir="$PSRCDIR/utils_1">
    <Filter Type="Utils"/>
    <Config>
      <Option Name="TopAutoSet" Val="TRUE"/>
    </Config>
  </FileSet>
  <Strategy Version="1" Minor="2">
    <StratHandle Name="Vivado Implementation Defaults" Flow="Vivado Implementation 2018">
      <Desc>Default settings for Implementation.</Desc>
    </StratHandle>
    <Step Id="init_design"/>
    <Step Id="opt_design"/>
    <Step Id="power_opt_design"/>
    <Step Id="place_design"/>
    <Step Id="post_place_power_opt_design"/>
    <Step Id="phys_opt_design"/>
    <Step Id="route_design"/>
    <Step Id="post_route_phys_opt_design"/>
    <Step Id="write_bitstream"/>
  </Strategy>
  <BlockFileSet Type="BlockSrcs" Name="decode_0"/>
</GenRun>
