<?xml version="1.0" encoding="UTF-8"?>
<GenRun Id="impl_1" LaunchPart="xc7a35tcpg236-1" LaunchTime="1667209744">
  <File Type="ROUTE-PWR" Name="decode_power_routed.rpt"/>
  <File Type="PA-TCL" Name="decode.tcl"/>
  <File Type="BITSTR-BMM" Name="decode_bd.bmm"/>
  <File Type="ROUTE-PWR-SUM" Name="decode_power_summary_routed.pb"/>
  <File Type="REPORTS-TCL" Name="decode_reports.tcl"/>
  <File Type="OPT-DCP" Name="decode_opt.dcp"/>
  <File Type="OPT-DRC" Name="decode_drc_opted.rpt"/>
  <File Type="OPT-HWDEF" Name="decode.hwdef"/>
  <File Type="PWROPT-DCP" Name="decode_pwropt.dcp"/>
  <File Type="PLACE-DCP" Name="decode_placed.dcp"/>
  <File Type="PLACE-IO" Name="decode_io_placed.rpt"/>
  <File Type="PLACE-UTIL" Name="decode_utilization_placed.rpt"/>
  <File Type="PLACE-UTIL-PB" Name="decode_utilization_placed.pb"/>
  <File Type="PLACE-CTRL" Name="decode_control_sets_placed.rpt"/>
  <File Type="PLACE-PRE-SIMILARITY" Name="decode_incremental_reuse_pre_placed.rpt"/>
  <File Type="BG-BGN" Name="decode.bgn"/>
  <File Type="POSTPLACE-PWROPT-DCP" Name="decode_postplace_pwropt.dcp"/>
  <File Type="BG-BIN" Name="decode.bin"/>
  <File Type="PHYSOPT-DCP" Name="decode_physopt.dcp"/>
  <File Type="BITSTR-MSK" Name="decode.msk"/>
  <File Type="ROUTE-ERROR-DCP" Name="decode_routed_error.dcp"/>
  <File Type="ROUTE-DCP" Name="decode_routed.dcp"/>
  <File Type="ROUTE-BLACKBOX-DCP" Name="decode_routed_bb.dcp"/>
  <File Type="ROUTE-DRC" Name="decode_drc_routed.rpt"/>
  <File Type="ROUTE-DRC-PB" Name="decode_drc_routed.pb"/>
  <File Type="ROUTE-DRC-RPX" Name="decode_drc_routed.rpx"/>
  <File Type="BITSTR-LTX" Name="decode.ltx"/>
  <File Type="ROUTE-METHODOLOGY-DRC" Name="decode_methodology_drc_routed.rpt"/>
  <File Type="BITSTR-MMI" Name="decode.mmi"/>
  <File Type="ROUTE-METHODOLOGY-DRC-RPX" Name="decode_methodology_drc_routed.rpx"/>
  <File Type="ROUTE-METHODOLOGY-DRC-PB" Name="decode_methodology_drc_routed.pb"/>
  <File Type="BITSTR-SYSDEF" Name="decode.sysdef"/>
  <File Type="ROUTE-PWR-RPX" Name="decode_power_routed.rpx"/>
  <File Type="ROUTE-STATUS" Name="decode_route_status.rpt"/>
  <File Type="ROUTE-STATUS-PB" Name="decode_route_status.pb"/>
  <File Type="ROUTE-TIMINGSUMMARY" Name="decode_timing_summary_routed.rpt"/>
  <File Type="ROUTE-TIMING-PB" Name="decode_timing_summary_routed.pb"/>
  <File Type="ROUTE-TIMING-RPX" Name="decode_timing_summary_routed.rpx"/>
  <File Type="ROUTE-CLK" Name="decode_clock_utilization_routed.rpt"/>
  <File Type="ROUTE-BUS-SKEW" Name="decode_bus_skew_routed.rpt"/>
  <File Type="ROUTE-BUS-SKEW-PB" Name="decode_bus_skew_routed.pb"/>
  <File Type="ROUTE-BUS-SKEW-RPX" Name="decode_bus_skew_routed.rpx"/>
  <File Type="POSTROUTE-PHYSOPT-DCP" Name="decode_postroute_physopt.dcp"/>
  <File Type="POSTROUTE-PHYSOPT-BLACKBOX-DCP" Name="decode_postroute_physopt_bb.dcp"/>
  <File Type="BG-BIT" Name="decode.bit"/>
  <File Type="BITSTR-RBT" Name="decode.rbt"/>
  <File Type="BITSTR-NKY" Name="decode.nky"/>
  <File Type="BG-DRC" Name="decode.drc"/>
  <File Type="RDI-RDI" Name="decode.vdi"/>
  <File Type="WBT-USG" Name="usage_statistics_webtalk.html"/>
  <FileSet Name="sources" Type="DesignSrcs" RelSrcDir="$PSRCDIR/sources_1">
    <Filter Type="Srcs"/>
    <File Path="$PSRCDIR/sources_1/new/decode.v">
      <FileInfo>
        <Attr Name="UsedIn" Val="synthesis"/>
        <Attr Name="UsedIn" Val="implementation"/>
        <Attr Name="UsedIn" Val="simulation"/>
      </FileInfo>
    </File>
    <Config>
      <Option Name="DesignMode" Val="RTL"/>
      <Option Name="TopModule" Val="decode"/>
      <Option Name="TopAutoSet" Val="TRUE"/>
    </Config>
  </FileSet>
  <FileSet Name="constrs_in" Type="Constrs" RelSrcDir="$PSRCDIR/constrs_1">
    <Filter Type="Constrs"/>
    <File Path="$PSRCDIR/constrs_1/new/decode_xdc.xdc">
      <FileInfo>
        <Attr Name="UsedIn" Val="synthesis"/>
        <Attr Name="UsedIn" Val="implementation"/>
      </FileInfo>
    </File>
    <Config>
      <Option Name="ConstrsType" Val="XDC"/>
    </Config>
  </FileSet>
  <FileSet Name="utils" Type="Utils" RelSrcDir="$PSRCDIR/utils_1">
    <Filter Type="Utils"/>
    <Config>
      <Option Name="TopAutoSet" Val="TRUE"/>
    </Config>
  </FileSet>
  <Strategy Version="1" Minor="2">
    <StratHandle Name="Vivado Implementation Defaults" Flow="Vivado Implementation 2018"/>
    <Step Id="init_design"/>
    <Step Id="opt_design"/>
    <Step Id="power_opt_design"/>
    <Step Id="place_design"/>
    <Step Id="post_place_power_opt_design"/>
    <Step Id="phys_opt_design"/>
    <Step Id="route_design"/>
    <Step Id="post_route_phys_opt_design"/>
    <Step Id="write_bitstream"/>
  </Strategy>
</GenRun>
